admin_id,admin_name,admin_role,admin_account,admin_password
1,Darell Finby,Customer,dfinby0@hhs.gov,rZlQpEOoQlSq
2,Rene Butters,Engineer Supervisor,rbutters1@adobe.com,9gbAan8
3,Mariette Kyle,Engineer Supervisor,mkyle2@paypal.com,UTFods3
4,Jed McMains,Engineer,jmcmains3@simplemachines.org,pZLjfAojZWR
5,Ann Rudham,Customer,arudham4@wordpress.com,bjyJDykkUJ
6,Gamaliel Bartocci,Customer,gbartocci5@wisc.edu,g48MjBgAt
7,Sholom Shelmardine,Engineer Supervisor,sshelmardine6@prlog.org,seOxlcfMvVmO
8,Gordie Handrock,Engineer Supervisor,ghandrock7@state.gov,3ZI5Bvbnr2
9,Normie Epinoy,Customer,nepinoy8@huffingtonpost.com,mnqIGprz
10,Bette Crumley,Customer,bcrumley9@hc360.com,9Za3tv7w
11,Tessa Drioli,Customer,tdriolia@irs.gov,fSmg0x
12,Loise Staniforth,Customer,lstaniforthb@indiatimes.com,9EKHDTu3zOL
13,Reynold Batisse,Engineer Supervisor,rbatissec@mac.com,2N6WXLi
14,Dasha Littledike,Engineer,dlittlediked@biblegateway.com,0U7UAN2
15,Myrta Capozzi,Engineer Supervisor,mcapozzie@cnet.com,4AikPGZKtGwa
16,Gayel Bryns,Engineer,gbrynsf@cbsnews.com,rRuHTnj7DT3r
17,Lauri Teanby,Customer,lteanbyg@bbb.org,LWSJV6POC3Nq
18,Tynan Shacklady,Engineer,tshackladyh@netvibes.com,KbUiYgKpFMM
19,Melony Gillean,Engineer Supervisor,mgilleani@surveymonkey.com,emK03vcoHe
20,Berton Scotcher,Engineer Supervisor,bscotcherj@nifty.com,U7S0tG6pv1lQ
21,Ikey Mitten,Customer,imittenk@rediff.com,Q746bzLrhCyC
22,Patsy Grinsted,Engineer,pgrinstedl@virginia.edu,3wQamOo6
23,Rosette Vernay,Customer,rvernaym@ning.com,OrOOduZM
24,Patrica Jurgen,Customer,pjurgenn@about.com,EKp8NUl
25,Benni Buttriss,Engineer Supervisor,bbuttrisso@posterous.com,klzI4mX4
26,Richmond Ginsie,Engineer Supervisor,rginsiep@about.me,VFW8ICNL
27,Obidiah Throssell,Engineer,othrossellq@odnoklassniki.ru,2JpWwvnYHosj
28,Derrik Durno,Customer,ddurnor@archive.org,3oja4iPXr
29,Ofilia Kersley,Customer,okersleys@state.gov,DBrFRGx
30,Mair Pickin,Engineer Supervisor,mpickint@who.int,GwnsAmn8gmKP
31,Ignatius Kerridge,Engineer,ikerridgeu@quantcast.com,Z5VTWmQB
32,Paula Mitchall,Engineer,pmitchallv@google.nl,v5YMY0sH
33,Susanna Fountian,Engineer Supervisor,sfountianw@nifty.com,8F2RNn9SXXx
34,Lorie Skittreal,Customer,lskittrealx@nyu.edu,V45a57
35,Hadlee Agutter,Customer,haguttery@uol.com.br,LafKk4HZiTN
36,Aime Lokier,Customer,alokierz@tinyurl.com,gvrqShZRpSG
37,Fidela Hannaby,Customer,fhannaby10@yale.edu,eJtQaV1VdYQ
38,Ethelda Trowill,Engineer Supervisor,etrowill11@unicef.org,BwjUFcfatoW
39,Bondie Leppington,Customer,bleppington12@cdbaby.com,iAQp5XfnMWp
40,Xylia Wiggin,Customer,xwiggin13@stumbleupon.com,a8X5XvcuJ
41,Forrest Schoolfield,Engineer Supervisor,fschoolfield14@so-net.ne.jp,mJ2WhwTPM
42,Mab Forlonge,Engineer Supervisor,mforlonge15@soup.io,PFXzhUafzctI
43,Elvera Stearnes,Engineer,estearnes16@netvibes.com,kVInr6
44,Elsie Androli,Customer,eandroli17@icq.com,xV9r6L0T333
45,Trey Heis,Customer,theis18@dedecms.com,Xpe1THaH1i
46,Margi Doubleday,Customer,mdoubleday19@npr.org,wdptQd2F
47,Stanislaus Grimwad,Customer,sgrimwad1a@tripadvisor.com,gN8EC3qXUU
48,Jermaine Brumfitt,Engineer Supervisor,jbrumfitt1b@netscape.com,evnESej
49,Der Unstead,Customer,dunstead1c@cbsnews.com,EiqD8hvDQn
50,Hal Dudding,Customer,hdudding1d@rakuten.co.jp,pD2Wya7
51,Spike Elgar,Engineer Supervisor,selgar1e@yelp.com,k20dujrKCb
52,Prentice Gregoletti,Customer,pgregoletti1f@gizmodo.com,64f6v24OV
53,Alli Tansey,Engineer Supervisor,atansey1g@cafepress.com,Ar6ApcHXXqx
54,Desiri Samwayes,Engineer,dsamwayes1h@squarespace.com,MbXUP9
55,Madalena Thurling,Engineer Supervisor,mthurling1i@shareasale.com,HIo7HBU6JN
56,Verena Cartman,Customer,vcartman1j@pinterest.com,JlQSGvdXY5
57,Marilin Muzzini,Customer,mmuzzini1k@tmall.com,n0cTltg
58,Nettie Piccard,Customer,npiccard1l@craigslist.org,mKYV2zk
59,Lindsay Poker,Customer,lpoker1m@columbia.edu,aIF0TE
60,Samuele Redwall,Engineer,sredwall1n@google.nl,EdfJFC9HjHi
61,Vasilis Clutheram,Engineer,vclutheram1o@bloglines.com,AyZCnI3v2
62,Cheri Maginn,Customer,cmaginn1p@pbs.org,iAfXaHtJ5KL
63,Molli Sample,Engineer Supervisor,msample1q@gizmodo.com,NituRDUwoe
64,Mathilde Fansy,Customer,mfansy1r@ifeng.com,sZtYm1L
65,Linzy Phittiplace,Engineer,lphittiplace1s@latimes.com,BvacONo
66,Sander Tenwick,Customer,stenwick1t@shareasale.com,DV2HXq
67,Valentina Calbaithe,Engineer Supervisor,vcalbaithe1u@freewebs.com,OoGxvE
68,Federico Grigolon,Engineer Supervisor,fgrigolon1v@wisc.edu,s9Up90m
69,Dunstan Sayton,Engineer Supervisor,dsayton1w@sciencedirect.com,SCdWjhgva
70,Gene Walsom,Engineer,gwalsom1x@symantec.com,Dl0qYp5SX
71,Wilhelmine Luckham,Customer,wluckham1y@yelp.com,6fkLIrN9z
72,Amandie Bumpass,Customer,abumpass1z@zdnet.com,5qvmuVE
73,Corilla Colleran,Engineer,ccolleran20@gravatar.com,kRpRnkf
74,Winnie De la Feld,Engineer,wde21@photobucket.com,5buaeibq
75,Nanine Wathan,Engineer Supervisor,nwathan22@themeforest.net,8seGZB
76,Aleda Corbyn,Customer,acorbyn23@istockphoto.com,vfNFOp
77,Adelice Neiland,Customer,aneiland24@cloudflare.com,sWs9Xk2r2
78,Robbie Sparrowe,Customer,rsparrowe25@skype.com,rpTXsh5Z51o
79,Audie Duchateau,Engineer Supervisor,aduchateau26@washingtonpost.com,CR5f7N6pix3L
80,Margaretta Matyatin,Customer,mmatyatin27@walmart.com,vib60rAPVmlC
81,Risa Hyslop,Customer,rhyslop28@people.com.cn,voK5EcPDk
82,Monti Jouning,Engineer Supervisor,mjouning29@macromedia.com,TE7uyqtIy
83,Kayley Garmanson,Engineer Supervisor,kgarmanson2a@unblog.fr,DQvDEn7
84,Tanney Cogar,Customer,tcogar2b@sogou.com,TMiScA4Y2v4
85,Dilly Portch,Engineer,dportch2c@topsy.com,Pg9bZv
86,Candy Dursley,Engineer Supervisor,cdursley2d@yellowpages.com,TOe0RovwDoF7
87,Florinda Primak,Engineer,fprimak2e@economist.com,Pe8XsqoDgaKY
88,Norby Dicks,Engineer Supervisor,ndicks2f@ameblo.jp,dYMrlg
89,Minerva Trebilcock,Engineer,mtrebilcock2g@arizona.edu,bGPsHBLCpu
90,Lacie Todman,Engineer Supervisor,ltodman2h@shinystat.com,3Y9E16PJ
91,Krysta Crapper,Engineer Supervisor,kcrapper2i@usda.gov,vroajcs
92,Herbie Vecard,Engineer,hvecard2j@ustream.tv,ahCcUi5zeH
93,Rutger Alfonsini,Engineer Supervisor,ralfonsini2k@utexas.edu,CnUaNRIib8
94,Lea Youster,Customer,lyouster2l@newyorker.com,WUBWczg
95,Tim Gavey,Engineer,tgavey2m@over-blog.com,gpsyBWsGy3eR
96,Myranda Parkeson,Engineer,mparkeson2n@marketwatch.com,4FmwKe
97,Cesar Hawkey,Customer,chawkey2o@nasa.gov,qgsqEE1uN1
98,Leticia Sonley,Engineer Supervisor,lsonley2p@psu.edu,H9x7LHhznQ9D
99,Cori Cullity,Engineer Supervisor,ccullity2q@army.mil,efNvMazSi0xZ
100,Ernesta Nitti,Customer,enitti2r@house.gov,xoVcXH
101,Kath Colgrave,Engineer,kcolgrave2s@gmpg.org,ZyJ2ixZR
102,Madella Peaple,Engineer Supervisor,mpeaple2t@google.de,Xm42Rqfi
103,Taddeo Czajkowska,Engineer,tczajkowska2u@ebay.co.uk,fujttSTIrTj
104,Sandy Search,Engineer,ssearch2v@census.gov,uyT8yaJDyms
105,Edith Thurman,Engineer,ethurman2w@instagram.com,qzLLHZ8Mqt
106,Sofia Bartalin,Customer,sbartalin2x@purevolume.com,7Jd3yx
107,Franny Urpeth,Customer,furpeth2y@cdc.gov,1DEtVV
108,Jarvis Tourville,Engineer,jtourville2z@reuters.com,th4Lw4zg1kjF
109,Rodolfo Norree,Engineer,rnorree30@aboutads.info,O76EEN
110,Camile Goodinson,Engineer Supervisor,cgoodinson31@free.fr,9AMrVzJh92J
111,Patten Sprade,Engineer Supervisor,psprade32@nps.gov,Ho61U1s4S
112,Jandy Tilliard,Engineer,jtilliard33@seattletimes.com,fghEfsQQg
113,Karalynn Van Der Weedenburg,Engineer Supervisor,kvan34@nature.com,ktV4fBoo
114,Raul Yurov,Engineer Supervisor,ryurov35@dagondesign.com,2hjnAxV
115,Addison Novik,Engineer Supervisor,anovik36@dagondesign.com,FfnIQidyF
116,Sharona Stell,Engineer Supervisor,sstell37@twitter.com,gpx4TCHl2
117,Bayard Povlsen,Customer,bpovlsen38@aol.com,2a6Cgu
118,Donal Jelley,Engineer Supervisor,djelley39@wsj.com,ZnDCrM59Df41
119,Sandro Thorwarth,Customer,sthorwarth3a@squidoo.com,uL2sdrKLB
120,Korrie Gentry,Customer,kgentry3b@xinhuanet.com,qv5iMyf1SP
121,Baryram Pagon,Engineer,bpagon3c@drupal.org,xu4NV7UxotO
122,Uriah McCrum,Customer,umccrum3d@shutterfly.com,htInJQRgGj
123,Franni Bunt,Engineer,fbunt3e@stanford.edu,KmUOTxpSqVRm
124,Sherlock Titcomb,Engineer,stitcomb3f@state.gov,0mhfNsb
125,Nat Gerrens,Engineer Supervisor,ngerrens3g@weebly.com,JKFAa5
126,Geno Jaulme,Engineer Supervisor,gjaulme3h@dropbox.com,v7PHGbxlSc
127,Coraline Adrain,Engineer Supervisor,cadrain3i@engadget.com,VRGAO0
128,Loreen Stone,Engineer,lstone3j@ow.ly,0anvbvRWmftg
129,Steffen Pinching,Engineer,spinching3k@mysql.com,V1vNR9G
130,Shandeigh Cordy,Engineer,scordy3l@hatena.ne.jp,iX9v5Yh
131,Darnell Zorzenoni,Engineer,dzorzenoni3m@businesswire.com,CTSQerl1cs
132,Garrard Gornall,Engineer,ggornall3n@mapquest.com,LifH5P
133,Olivier Pargent,Engineer Supervisor,opargent3o@mapquest.com,Id98DN7fOFtC
134,Emmey Rawles,Engineer,erawles3p@usgs.gov,3Ww9o6Y
135,Ruperto Petigrew,Customer,rpetigrew3q@mayoclinic.com,JVABCBnWRp3K
136,Eryn Muzzillo,Customer,emuzzillo3r@economist.com,gFUfqYFrZ
137,Charleen Strass,Engineer,cstrass3s@unesco.org,K8j14mS
138,Melosa Bradley,Customer,mbradley3t@huffingtonpost.com,maX9tK
139,Leora Colloby,Customer,lcolloby3u@princeton.edu,Am1tIiWti2HE
140,Vera Thompstone,Engineer Supervisor,vthompstone3v@china.com.cn,nhOCfScFIPK
141,Tannie Cullinane,Engineer,tcullinane3w@dagondesign.com,dnVJzX1Y
142,Wynnie Gotthard.sf,Engineer Supervisor,wgotthardsf3x@comsenz.com,PRRvMQpgf667
143,Donica Fitter,Engineer,dfitter3y@sohu.com,F3eVAfkg
144,Arlinda MacGiany,Engineer Supervisor,amacgiany3z@people.com.cn,AoqwOGT8wZx
145,Uriah Meert,Customer,umeert40@ihg.com,WwgJkTW4SSU
146,Rosette Shillum,Engineer Supervisor,rshillum41@chronoengine.com,f1GyyNAO
147,Tanya Haryngton,Engineer Supervisor,tharyngton42@cyberchimps.com,ZLUpn5O7R
148,Geoff Emlen,Customer,gemlen43@ocn.ne.jp,jXzlnGxd
149,Raphael Avramow,Engineer,ravramow44@discuz.net,Qhu8tbXyKlcy
150,Bianka Strattan,Customer,bstrattan45@wp.com,x9iMDWSw
151,Rourke Macey,Engineer,rmacey46@weibo.com,W9v7EdO
152,Leonelle Bindon,Customer,lbindon47@icq.com,d5sEDdxNi3yE
153,Herrick Coushe,Customer,hcoushe48@narod.ru,nIQixcE
154,Charita Pretti,Engineer,cpretti49@example.com,2Lp90XInvFw
155,Rickie Kohler,Engineer Supervisor,rkohler4a@google.com.hk,dpDymNQT
156,Arvie Alderson,Customer,aalderson4b@hibu.com,8sehjGKW
157,Reinhold Guymer,Customer,rguymer4c@chronoengine.com,YvH1Fu27TX90
158,Yale Thompsett,Engineer,ythompsett4d@spiegel.de,ZNMh0d2a9
159,Marietta Conachie,Customer,mconachie4e@pen.io,dioCggS6z
160,Taber Noddles,Engineer Supervisor,tnoddles4f@alexa.com,QBWXdl
161,Lucais Stronach,Engineer,lstronach4g@chronoengine.com,SXDirw
162,Xymenes Kieff,Engineer Supervisor,xkieff4h@flickr.com,dbgesSC
163,Iago Parsonson,Engineer,iparsonson4i@networkadvertising.org,NZzJb2
164,Gusella Neeves,Engineer,gneeves4j@cpanel.net,RqLwIzM2y
165,Kellen Russen,Engineer,krussen4k@foxnews.com,P7KcVA
166,Franciskus Creaney,Customer,fcreaney4l@unc.edu,LIwbJn
167,Tristam Staines,Engineer Supervisor,tstaines4m@netlog.com,ltBwPoOK
168,Etta Berns,Engineer,eberns4n@dedecms.com,cMtODo9Bf
169,Ailee Legon,Engineer Supervisor,alegon4o@imageshack.us,CeDsOKosDW
170,Fred Jovicevic,Engineer Supervisor,fjovicevic4p@rediff.com,YTuTl0
171,Evan Fynn,Engineer Supervisor,efynn4q@weather.com,f7Q1oVxL6K
172,Brenn Addess,Engineer,baddess4r@ustream.tv,bjlPUzSRy
173,Moises Dell'Abbate,Engineer,mdellabbate4s@fotki.com,KCzTkML
174,Claribel Trueman,Engineer Supervisor,ctrueman4t@elpais.com,gQCOkj6qZLC
175,Vivien Holstein,Engineer,vholstein4u@archive.org,eULV6XEDf5
176,Penelopa Billanie,Engineer Supervisor,pbillanie4v@jiathis.com,mV9WtmE9o
177,Fairlie Bonehill,Engineer Supervisor,fbonehill4w@microsoft.com,ls48DHqK
178,Iolande Baggalley,Customer,ibaggalley4x@nih.gov,8prE10SOmUcs
179,Gonzales Cogger,Engineer Supervisor,gcogger4y@deliciousdays.com,0ehYiC9
180,Constantina Mattei,Engineer Supervisor,cmattei4z@abc.net.au,TAIGBgWE7JS
181,Alyce Oty,Engineer,aoty50@wufoo.com,4YapSSj5afTp
182,Victoir Idale,Customer,vidale51@sitemeter.com,xA5lpg4n
183,Aidan Cavendish,Engineer Supervisor,acavendish52@cnet.com,LLmAGyO
184,Bobbe Kirtland,Customer,bkirtland53@livejournal.com,iqt84qT07
185,Anne-corinne Yter,Engineer Supervisor,ayter54@howstuffworks.com,mxrx8gn
186,Rees Kettlestringe,Engineer,rkettlestringe55@mapy.cz,oHgnsITWF
187,Phylis Gavaghan,Customer,pgavaghan56@mail.ru,LrGV9KBfjFc
188,Keslie Berriman,Customer,kberriman57@mozilla.com,VKFBvmty1e
189,Emelia Santora,Engineer Supervisor,esantora58@domainmarket.com,LLiNCd
190,Ara Ceschi,Customer,aceschi59@over-blog.com,Kdj8dFfWMJGf
191,Tommy Richel,Engineer,trichel5a@nih.gov,TFh1rWXBFKs
192,Lisabeth Gye,Engineer,lgye5b@digg.com,ASksFcehWRnw
193,Lusa Deport,Engineer,ldeport5c@mashable.com,TfJCU4bVQ20
194,Gilberte Berardt,Engineer Supervisor,gberardt5d@fastcompany.com,fKdSKf5Vf
195,Jennee Cogle,Customer,jcogle5e@cam.ac.uk,TNC529
196,Bogey Maundrell,Engineer,bmaundrell5f@aboutads.info,pSo77os8y8dC
197,Douglas Kilford,Engineer Supervisor,dkilford5g@pagesperso-orange.fr,4BSPgsC
198,Hilary Pagnin,Engineer Supervisor,hpagnin5h@illinois.edu,zBOAVAC7z6
199,Adela Aggis,Engineer,aaggis5i@ox.ac.uk,zI0FWOZOegL
200,Hank Shapira,Engineer Supervisor,hshapira5j@wiley.com,Z4OhkTHLGtc
201,Alyce Stanwix,Engineer,astanwix5k@sun.com,FP0csRbiRI
202,Hal Balma,Engineer,hbalma5l@usnews.com,FmP8IeIi
203,Belinda Werrit,Engineer,bwerrit5m@slideshare.net,VCTEmd
204,Paola Chaffyn,Customer,pchaffyn5n@wix.com,fFtvvYRYz2hz
205,Georas Pendlebury,Customer,gpendlebury5o@google.com.au,52weZpBATzR
206,Marylynne Golby,Engineer Supervisor,mgolby5p@umich.edu,POMMnJsi
207,Marji Reolfo,Engineer Supervisor,mreolfo5q@utexas.edu,Z1OyGr9
208,Maris Barradell,Customer,mbarradell5r@infoseek.co.jp,XMpsMu
209,Arch Veldman,Engineer Supervisor,aveldman5s@cpanel.net,XxLulrKTe
210,Durante Riggulsford,Customer,driggulsford5t@skyrock.com,5WHC6XCY4
211,Wendie Groome,Customer,wgroome5u@stanford.edu,JVRnPRgwlyu
212,Dukey Genese,Customer,dgenese5v@example.com,vXrCzn7RaC
213,Lisle Kinchington,Customer,lkinchington5w@spiegel.de,qdZgnkPiN
214,Babette Lintot,Customer,blintot5x@spotify.com,tO6K11rDipEU
215,Betsey Fish,Engineer,bfish5y@barnesandnoble.com,WBSgcoqM
216,Cord Reynalds,Engineer Supervisor,creynalds5z@istockphoto.com,HZijMbI4eh1H
217,Kitti Howard - Gater,Engineer,khoward60@economist.com,yFE7IcyFxV
218,Zelda Gainsburgh,Engineer,zgainsburgh61@ocn.ne.jp,XCrhn6rOa1gT
219,Craig Yearnsley,Engineer,cyearnsley62@mayoclinic.com,VAxcHxB
220,Alfred Bayldon,Engineer Supervisor,abayldon63@nps.gov,SxacmuZ
221,Stern Itschakov,Engineer,sitschakov64@cbc.ca,yYyQsFHrQEm
222,Rani Cansdill,Engineer Supervisor,rcansdill65@deviantart.com,Qkvy0M6L
223,Karlis Gaskin,Customer,kgaskin66@wsj.com,OSABlqdG
224,Devin Maccaig,Engineer Supervisor,dmaccaig67@buzzfeed.com,K3AvYS
225,Celene Paver,Engineer Supervisor,cpaver68@yandex.ru,UK8O9CSuvTbS
226,Filberto Crabb,Customer,fcrabb69@goodreads.com,ChhfMlBjB
227,Lew Oldknowe,Engineer,loldknowe6a@w3.org,XidwhyqcvmOi
228,Kathe Crotty,Customer,kcrotty6b@hatena.ne.jp,dba9utnxiyX
229,Fons Standbridge,Customer,fstandbridge6c@japanpost.jp,KuQZaQ
230,Bondy Shickle,Customer,bshickle6d@4shared.com,ZBp9ok4HZXKG
231,Maryl Winfield,Engineer,mwinfield6e@lycos.com,3D3ofMUQXTH
232,Avie Llewellyn,Customer,allewellyn6f@arstechnica.com,ZDfvhr5FmK
233,Stanislaw Farry,Customer,sfarry6g@elpais.com,R7wAahiodk7
234,Kermie Oxer,Customer,koxer6h@quantcast.com,vxL7AG
235,Florry Biggerdike,Engineer,fbiggerdike6i@nationalgeographic.com,iIGOkDs2X
236,Sven Stoak,Engineer,sstoak6j@elegantthemes.com,HHx08Jds
237,Kalil Earle,Customer,kearle6k@blogspot.com,3EzXtouM
238,Faber Guage,Engineer Supervisor,fguage6l@gov.uk,UIXwvcuGjS
239,Demeter Kubal,Engineer Supervisor,dkubal6m@latimes.com,crVT1k
240,Kenneth Abbado,Customer,kabbado6n@digg.com,HNGjYs
241,Neel Janouch,Engineer,njanouch6o@upenn.edu,5SAZfcQaQWW
242,Jacky Blinde,Engineer,jblinde6p@dyndns.org,ik4mZGa
243,Anny Kinnier,Engineer Supervisor,akinnier6q@e-recht24.de,bTgIV8vRo
244,Findley Carbonell,Engineer Supervisor,fcarbonell6r@constantcontact.com,6ZuwfRPPMVfj
245,Jefferey MacAlroy,Customer,jmacalroy6s@livejournal.com,UQ44rHu
246,Nanon Arnison,Customer,narnison6t@usatoday.com,MBN4xx6
247,Shaun Domerq,Customer,sdomerq6u@networkadvertising.org,6LuqfrI
248,Isacco Whisson,Engineer Supervisor,iwhisson6v@vimeo.com,dCkIHVfb9z2w
249,Aliza Eyer,Customer,aeyer6w@narod.ru,T9P2ghphU9a5
250,Belle Fronsek,Engineer Supervisor,bfronsek6x@weibo.com,xVBGHGGKj
251,Tobey Penhale,Engineer Supervisor,tpenhale6y@webeden.co.uk,VY0UZwozKOFd
252,Osmond Nesbitt,Engineer,onesbitt6z@digg.com,m6OpON
253,Georgette Addeycott,Customer,gaddeycott70@telegraph.co.uk,ZnzcpsI
254,Reagan Bartolomieu,Customer,rbartolomieu71@ebay.com,2qF1v9uB
255,Kath Sinkinson,Customer,ksinkinson72@intel.com,9e59rD
256,Galvin Peek,Customer,gpeek73@yelp.com,67m1Vqd
257,Marita Walaron,Engineer Supervisor,mwalaron74@themeforest.net,HdrANGR6frbs
258,Tuesday Postles,Engineer Supervisor,tpostles75@npr.org,zzaxJ4Ej
259,Jasper Adlard,Engineer Supervisor,jadlard76@clickbank.net,Ik81QuCVG
260,Austina Pinkstone,Customer,apinkstone77@wired.com,MMRDMHd
261,Lorraine Dodshun,Engineer,ldodshun78@cmu.edu,Rcv6a8
262,Felipa Lovart,Engineer,flovart79@unicef.org,sABXJ6
263,Cynthie Lundberg,Engineer,clundberg7a@pbs.org,oWVCUW
264,Mannie Lucia,Customer,mlucia7b@delicious.com,qv6uKqEpbLZ
265,Alley Ewington,Engineer Supervisor,aewington7c@mysql.com,axXWHy1ir48D
266,Bettina Josilevich,Customer,bjosilevich7d@shutterfly.com,iRDRp9un9yT
267,Gualterio Gosz,Engineer,ggosz7e@prweb.com,WdDss8fOxcJ
268,Jeffy Dallaghan,Engineer,jdallaghan7f@bravesites.com,KFospiv7Up1
269,Levy Southcomb,Engineer,lsouthcomb7g@chron.com,pPEqMKFgXbt
270,Di Eyer,Customer,deyer7h@free.fr,6vtIP1Mugcc7
271,Eberto Phillimore,Customer,ephillimore7i@walmart.com,xE40U6HgVS
272,Terry McCaghan,Customer,tmccaghan7j@theglobeandmail.com,dWIVDKfsVjY
273,Andrea Symcox,Customer,asymcox7k@bluehost.com,O4vvtn1tpF
274,Franny Balthasar,Engineer Supervisor,fbalthasar7l@comcast.net,41A9Bx40w
275,Pepi Hanniger,Engineer Supervisor,phanniger7m@hugedomains.com,NwTquLV
276,Selle Goodanew,Customer,sgoodanew7n@ox.ac.uk,FNgxRX
277,Gothart Scohier,Engineer Supervisor,gscohier7o@example.com,W1Nvpf
278,Phelia Pigney,Engineer,ppigney7p@smugmug.com,dk6mMI
279,Opal Jehu,Engineer,ojehu7q@elpais.com,2mcRy77Vz5
280,Jorie Maior,Engineer,jmaior7r@bloomberg.com,dsZ6aKX
281,Delphine Haythornthwaite,Engineer Supervisor,dhaythornthwaite7s@shutterfly.com,HLYm3Lappq0J
282,Patrick Taig,Customer,ptaig7t@bloglovin.com,HVzZrtX
283,Cyrille Iannitti,Customer,ciannitti7u@businessinsider.com,u64nt4FVWgkj
284,Laurene Wellman,Customer,lwellman7v@odnoklassniki.ru,BYEJjpZpS
285,Nikaniki Chatain,Engineer Supervisor,nchatain7w@homestead.com,FldJBAWmSbM
286,Pat Nice,Engineer,pnice7x@imageshack.us,CmatzOa
287,Al Rainforth,Engineer Supervisor,arainforth7y@istockphoto.com,OUkpGH
288,Ansley Gilcrist,Engineer Supervisor,agilcrist7z@deviantart.com,lfESV8pnPD77
289,Melita Ipsgrave,Engineer Supervisor,mipsgrave80@sun.com,36yIDar
290,Emelen Bim,Customer,ebim81@sakura.ne.jp,uSfECAFlj
291,Micky MacCahey,Engineer Supervisor,mmaccahey82@gnu.org,Fx1rrHjeq5C
292,Erskine Ismirnioglou,Customer,eismirnioglou83@geocities.jp,a3Mzo30KTbvT
293,Duffie Gudde,Customer,dgudde84@yellowbook.com,9uRHyY1NgvII
294,Valentine Minghella,Engineer,vminghella85@delicious.com,l5WXfLOXO4
295,Rowen Wenham,Engineer,rwenham86@samsung.com,WIbDxiReU30l
296,Burgess Fonteyne,Customer,bfonteyne87@ebay.com,lSqNcxiorM
297,Germain Burnhill,Engineer,gburnhill88@elpais.com,2aS6TGs
298,Hirsch Rottger,Engineer Supervisor,hrottger89@seesaa.net,bKZPmssz
299,Willetta Cheel,Engineer Supervisor,wcheel8a@yahoo.com,3xyOw4Xe
300,Zara Bern,Customer,zbern8b@yelp.com,T6ZiQva9QS
301,Kiri Gofforth,Engineer Supervisor,kgofforth8c@diigo.com,RCgNXO
302,Jeremiah Tipton,Engineer Supervisor,jtipton8d@ustream.tv,NBYandid8Uy
303,Elsie Odhams,Engineer Supervisor,eodhams8e@patch.com,NHgY4OVtIUEU
304,Corilla Paolicchi,Engineer,cpaolicchi8f@dion.ne.jp,wnQ6kh
305,Ekaterina Kermath,Engineer,ekermath8g@oaic.gov.au,WaUNTXy
306,Aland Mac Geaney,Engineer Supervisor,amac8h@phpbb.com,ifBGpMl9C
307,Ronny Brockelsby,Engineer Supervisor,rbrockelsby8i@weather.com,slqLI60enat
308,Kakalina Parfrey,Engineer,kparfrey8j@cdc.gov,MtvkKghYBfT2
309,Wylma Nertney,Customer,wnertney8k@ovh.net,5pa66sXK4
310,Martynne Hooks,Engineer Supervisor,mhooks8l@yellowpages.com,L5Ah6ijXQUBo
311,Vasily Hayzer,Engineer,vhayzer8m@wp.com,96VdLUj4ahh
312,Randall Mackett,Engineer,rmackett8n@histats.com,fT0Z2liuzh
313,Rolland Henbury,Engineer Supervisor,rhenbury8o@sfgate.com,Cx9GrsHWkBTl
314,Erin Faro,Engineer,efaro8p@devhub.com,RddTjC0d3g
315,Bobbie Buchett,Customer,bbuchett8q@blinklist.com,Z2EXMWecI0mM
316,Melisenda Watman,Engineer Supervisor,mwatman8r@ibm.com,aAAweoA
317,Nesta Kunneke,Customer,nkunneke8s@istockphoto.com,ksckqWkPUF00
318,Stern Haysom,Engineer,shaysom8t@youtube.com,Demj7Qr8HX
319,Talyah Jeakins,Customer,tjeakins8u@indiatimes.com,at4ElQ
320,Lethia de la Tremoille,Engineer Supervisor,lde8v@princeton.edu,KYX66yJFOU7
321,Valma Sebyer,Engineer,vsebyer8w@yale.edu,zDTaQR
322,Kit Simmance,Engineer Supervisor,ksimmance8x@dell.com,SAyVaY8XtcCS
323,Babbie Bloodworth,Engineer,bbloodworth8y@guardian.co.uk,zZ2L6dbM
324,Marcellus Carbine,Customer,mcarbine8z@shop-pro.jp,7wtkGe
325,Lemmie Luetchford,Engineer,lluetchford90@scribd.com,5A4NSV
326,Jerome Endersby,Engineer,jendersby91@miitbeian.gov.cn,1PSc58Io
327,Kaye Di Carlo,Engineer Supervisor,kdi92@hhs.gov,DQF4fjZE6Lkc
328,Theo McDavid,Engineer Supervisor,tmcdavid93@xing.com,HvQdRr3F0NNu
329,Avivah Bould,Engineer Supervisor,abould94@networkadvertising.org,HPvBYLtwtOty
330,Garey Parsonson,Engineer,gparsonson95@digg.com,DigTYpLOa
331,Felic Van der Hoeven,Customer,fvan96@hao123.com,FBloG3ATJz9
332,Avrom Jacques,Engineer,ajacques97@chicagotribune.com,0nKgCndYTcEe
333,Iorgos MacGee,Customer,imacgee98@marketwatch.com,KVj2GQTnT8d
334,Ganny Ostridge,Engineer,gostridge99@blogs.com,V5ZZ7ryVML5
335,Estevan Fowler,Engineer,efowler9a@nbcnews.com,Hb2dYcMB
336,Ibrahim Baiden,Engineer,ibaiden9b@cbslocal.com,eUdV3KOiiSqj
337,Englebert Ward,Customer,eward9c@cdbaby.com,bI2G4L
338,Andie Falkner,Customer,afalkner9d@unicef.org,OdkRNPg7NFqg
339,Cory Roycroft,Customer,croycroft9e@instagram.com,Q8fTmZBD5N
340,Imojean Abbay,Engineer,iabbay9f@sourceforge.net,NiYNr5Ge
341,Glenn Snazel,Engineer,gsnazel9g@i2i.jp,NeO82eZS
342,Caryn Caldaro,Engineer,ccaldaro9h@twitter.com,xliirrv9
343,Ruperto Skelhorn,Engineer Supervisor,rskelhorn9i@facebook.com,rzuceut
344,Urbanus Estable,Engineer,uestable9j@shinystat.com,tW6PwzxH2b
345,Demetria Taunton,Customer,dtaunton9k@ucoz.com,w7WhT06KJek
346,Moyra Scrivenor,Customer,mscrivenor9l@free.fr,tgzsFeof5
347,Howie Pitcaithley,Customer,hpitcaithley9m@bloglines.com,hGdVN5
348,Ferguson Parcells,Engineer Supervisor,fparcells9n@netlog.com,16wjCOiE2c
349,Germaine Muffen,Engineer,gmuffen9o@slideshare.net,zOXFUb9
350,Mattie Normaville,Customer,mnormaville9p@vimeo.com,HO8jiiyM
351,Zaria McQuaid,Customer,zmcquaid9q@com.com,52zB21E
352,Matilde Gilmore,Engineer Supervisor,mgilmore9r@edublogs.org,iVMaNVd07VU
353,Leonardo Downage,Engineer,ldownage9s@epa.gov,bZnKpL5lQ
354,Tristam Buchett,Engineer Supervisor,tbuchett9t@technorati.com,WJrZmovf
355,Hadleigh Ambrodi,Engineer Supervisor,hambrodi9u@alexa.com,DHq4GC
356,Cammi Harback,Engineer,charback9v@eepurl.com,OZNBY0I5aLX
357,Kennett Satch,Engineer,ksatch9w@amazon.co.jp,wPCmKkK
358,Cosimo McKendry,Engineer Supervisor,cmckendry9x@ebay.com,xSl4I6
359,Darcy Kiendl,Engineer Supervisor,dkiendl9y@ucoz.com,AB05jRHEn
360,Yoshi Fierro,Customer,yfierro9z@mapquest.com,pfUgkLw3o0f
361,Hunfredo Gheerhaert,Customer,hgheerhaerta0@pcworld.com,wD86zyrkX
362,Linet Throughton,Engineer Supervisor,lthroughtona1@gnu.org,H7HIjRnIa
363,Caryl Yerlett,Engineer,cyerletta2@cbc.ca,DGDVQRMa
364,Verla Udy,Engineer,vudya3@csmonitor.com,YpsmmT2
365,Lolita Bassil,Customer,lbassila4@unblog.fr,ljQ2g4w
366,Pavlov Acheson,Engineer Supervisor,pachesona5@unblog.fr,7V51EMeyuG
367,Tiler D'Agostini,Engineer,tdagostinia6@ox.ac.uk,uKYxmEVs
368,Regina Barbisch,Customer,rbarbischa7@webeden.co.uk,OEnfgbWCtfC
369,Violet Darree,Engineer Supervisor,vdarreea8@google.it,fTRP7y
370,Maible Eade,Engineer Supervisor,meadea9@infoseek.co.jp,M9uhadsNdv
371,Ninnetta Saipy,Customer,nsaipyaa@acquirethisname.com,hdtisWRJ9
372,Walton Gorst,Customer,wgorstab@yelp.com,hdIhgMN4UbT
373,Saxe Fayers,Customer,sfayersac@dailymail.co.uk,u2z76Ok
374,Colene Carefull,Customer,ccarefullad@feedburner.com,5zsQ3NF
375,Corabel Ackroyd,Engineer,cackroydae@nydailynews.com,PRecibtOP
376,Francois Mountstephen,Customer,fmountstephenaf@imageshack.us,gS2gglxbpXs6
377,Katusha Songer,Engineer,ksongerag@simplemachines.org,tQjNRVpUtk7
378,Rois Mullineux,Customer,rmullineuxah@jugem.jp,3eBVgdZp
379,Bennett Levensky,Engineer Supervisor,blevenskyai@hugedomains.com,jT5UoB0W3
380,Bary Nabarro,Engineer Supervisor,bnabarroaj@wp.com,EWuzOgsW
381,Way MacDiarmond,Customer,wmacdiarmondak@last.fm,bsW9TykZ2yQV
382,Valentine MacKerley,Engineer Supervisor,vmackerleyal@furl.net,2Nis316Fyp
383,Olav Freda,Engineer Supervisor,ofredaam@unblog.fr,JXZXctQ
384,Carmita Suffield,Customer,csuffieldan@guardian.co.uk,1Am9PZ8
385,Quintus Camplejohn,Engineer,qcamplejohnao@redcross.org,XCrvFguG
386,Starlene Sutherns,Engineer,ssuthernsap@squarespace.com,8cvp2KLBJ
387,Sergent Harper,Customer,sharperaq@mediafire.com,g8Mcc4Z
388,Wayne Kellington,Engineer Supervisor,wkellingtonar@goodreads.com,BJmFGplb
389,Rosamond Bog,Engineer,rbogas@mediafire.com,EsRElTlw
390,Monroe O'Lagene,Engineer Supervisor,molageneat@squidoo.com,S983URY
391,Horst Linebarger,Engineer Supervisor,hlinebargerau@wikia.com,jTsSj3cjix
392,Lil Wimlett,Engineer Supervisor,lwimlettav@cdc.gov,HWVN43B6
393,Marcille Normanville,Engineer Supervisor,mnormanvilleaw@nbcnews.com,vRFOHa
394,Darlene Biaggiotti,Engineer Supervisor,dbiaggiottiax@over-blog.com,KMhtIAw
395,Townie Kettle,Engineer,tkettleay@bluehost.com,WmGCRIMg
396,Connie Pancost,Engineer,cpancostaz@nbcnews.com,7JwHOC1
397,Pacorro McGaughay,Engineer Supervisor,pmcgaughayb0@phoca.cz,RnTHJMQIgr
398,Lanie Garrand,Engineer,lgarrandb1@time.com,urBdgrJRCp
399,Laurene Fowden,Engineer Supervisor,lfowdenb2@meetup.com,3OaEmc4XjlO
400,Issy Stilwell,Engineer Supervisor,istilwellb3@ca.gov,Yq7zX8jUx
401,Gigi Brideoke,Customer,gbrideokeb4@google.com.br,9XyvZpq9skJ
402,Ase Terron,Engineer,aterronb5@ted.com,1XjCg2LRm18
403,Forrest Coomber,Customer,fcoomberb6@bloglovin.com,hrJoX60BejMD
404,Timofei Halsho,Customer,thalshob7@github.io,KADqY5w1
405,Lombard Veltman,Customer,lveltmanb8@gravatar.com,jO1MpHg8q3Zu
406,Adolphus Patillo,Engineer,apatillob9@hugedomains.com,tB9Pxisblo8Y
407,Art Rosenboim,Engineer,arosenboimba@omniture.com,G08IsuV
408,Dorette Spreull,Customer,dspreullbb@dropbox.com,codJmuy
409,Ferris Cords,Engineer Supervisor,fcordsbc@cam.ac.uk,O0UqXLfhjP
410,Ann Barnsley,Engineer,abarnsleybd@sfgate.com,hI5BavzbO
411,Felice Thow,Customer,fthowbe@godaddy.com,IBahrwcIMN4a
412,Junie Sisse,Customer,jsissebf@tmall.com,DadxsNkm
413,Karena Petford,Engineer Supervisor,kpetfordbg@i2i.jp,xPpQJPD8
414,Floria Pero,Customer,fperobh@virginia.edu,vSrSrwbkarLR
415,Rutherford Szwarc,Engineer,rszwarcbi@histats.com,ovbDfS
416,Brita Fridd,Engineer Supervisor,bfriddbj@edublogs.org,M6jigPKRJ
417,Osmond Barnshaw,Engineer Supervisor,obarnshawbk@ihg.com,eFB6BDYc
418,Francisca Heppenspall,Engineer Supervisor,fheppenspallbl@nyu.edu,TW7QPS0a
419,Rhody Gosdin,Engineer,rgosdinbm@google.ca,Oy5CL7jOtfn
420,Ashla Ladon,Customer,aladonbn@blogspot.com,KIYKEJ
421,Clywd Charville,Customer,ccharvillebo@yahoo.com,l4MWKO7n
422,Ezechiel Orrocks,Engineer,eorrocksbp@europa.eu,9ubrgRlv
423,Evonne Zannotti,Engineer,ezannottibq@patch.com,gMHxGpLTyY
424,Cosimo Ben-Aharon,Customer,cbenaharonbr@rambler.ru,yad4Ko
425,Rina Wixon,Customer,rwixonbs@wufoo.com,onjE05obk
426,Alison Gravells,Engineer,agravellsbt@clickbank.net,ROh2J4M
427,Melesa Osman,Customer,mosmanbu@ow.ly,yxwesLvTGW
428,Auria Emmet,Customer,aemmetbv@simplemachines.org,suXZ7HKz
429,Brunhilda Swedeland,Engineer Supervisor,bswedelandbw@discuz.net,ClxYV8t
430,Demetrius Kyllford,Customer,dkyllfordbx@instagram.com,TWYS6Gx
431,Randy Ivakhno,Engineer Supervisor,rivakhnoby@typepad.com,42iyodX
432,Hunfredo Doumer,Engineer Supervisor,hdoumerbz@china.com.cn,fQf0XelOt
433,Bridie Tennick,Customer,btennickc0@harvard.edu,XhWHXa
434,Jillian Kornacki,Engineer,jkornackic1@example.com,5GUmJcPsoeX
435,Mariel Boykett,Engineer,mboykettc2@geocities.com,ND5t6oAgCsB
436,Frankie Denisovo,Engineer Supervisor,fdenisovoc3@wix.com,AFz65CJ
437,Yoshiko Dimic,Engineer Supervisor,ydimicc4@facebook.com,9wg1QiW
438,Pepi Bhatia,Engineer,pbhatiac5@artisteer.com,xMhL70ioiN
439,Ward Bathowe,Customer,wbathowec6@taobao.com,PLuMuCQ
440,Elayne Brizland,Engineer Supervisor,ebrizlandc7@dmoz.org,lxAc1JDQYb
441,Oates Dewen,Engineer,odewenc8@ow.ly,A0UTPYjNWc
442,Gladi Syncke,Customer,gsynckec9@google.co.uk,BzneCGUkj2h
443,Joycelin Horsell,Customer,jhorsellca@blogtalkradio.com,hdULPIKMD0H
444,Ethelyn Raubenheimer,Engineer,eraubenheimercb@yahoo.com,m4ZfcXMK
445,Cindra Cook,Engineer,ccookcc@earthlink.net,W7VLn7I
446,Lorri Jordanson,Engineer,ljordansoncd@aol.com,WFZ7TXfRP47
447,Fernandina Yeulet,Customer,fyeuletce@phoca.cz,Ra0zpUEtK6
448,Hamlen Foye,Engineer,hfoyecf@dedecms.com,9SEPyvR
449,Cesya Tregunnah,Engineer,ctregunnahcg@cnet.com,dSC4kkH41x4
450,Felic Forshaw,Engineer,fforshawch@cloudflare.com,KjFCxyMsXea
451,Jan Martschke,Engineer Supervisor,jmartschkeci@bbc.co.uk,Yov6IrJ
452,Conni Tyndall,Customer,ctyndallcj@cisco.com,RLflJXMWtq7
453,Kiele Bramsom,Customer,kbramsomck@illinois.edu,KYMxRcbg
454,Sanders Heater,Engineer,sheatercl@printfriendly.com,uR2aeawnYA
455,Crawford Matschoss,Engineer,cmatschosscm@soup.io,2UWafao7Ps
456,Georgette Quillinane,Engineer Supervisor,gquillinanecn@bloglovin.com,0VgoMLOm
457,Jillana Ives,Engineer,jivesco@prnewswire.com,Bt8n9VEwAPA
458,Goddart Starte,Customer,gstartecp@slate.com,o7wWorYoeN
459,Kamilah Edington,Engineer Supervisor,kedingtoncq@cisco.com,sbsa16Y7
460,Nev Littlefield,Engineer Supervisor,nlittlefieldcr@craigslist.org,DWa3EF
461,Olympie Wohler,Engineer Supervisor,owohlercs@google.cn,RAOnPi84JL2
462,Devland Baudts,Engineer,dbaudtsct@unicef.org,C2ufhODj
463,Gregorio Marcam,Engineer,gmarcamcu@webeden.co.uk,8PlUmH
464,Alene Ahren,Customer,aahrencv@sitemeter.com,NNsCAxgbxnc6
465,Ase Cordsen,Customer,acordsencw@xrea.com,iAO7pr
466,Yves Farren,Customer,yfarrencx@dot.gov,JCOsmjnWVbbc
467,Dalt Puddle,Engineer Supervisor,dpuddlecy@wordpress.com,SqbtmezMLt
468,Hew Biss,Engineer Supervisor,hbisscz@usnews.com,hvDUYre
469,Legra Newis,Engineer,lnewisd0@seattletimes.com,1mpNuH559ge
470,Bessy Ducastel,Engineer,bducasteld1@nhs.uk,noQwEMEmMTId
471,Kingsley Bayford,Customer,kbayfordd2@japanpost.jp,OqKKygf
472,Kizzee Pool,Customer,kpoold3@google.es,EX3LCfPo
473,Yehudi Janc,Engineer,yjancd4@wp.com,BzJrHW
474,Emmerich Bras,Customer,ebrasd5@narod.ru,AAdsySRQ
475,Rudolf Klimashevich,Engineer Supervisor,rklimashevichd6@boston.com,vHZVZd
476,Ches Cridlan,Engineer Supervisor,ccridland7@people.com.cn,PL2uWodWPcj
477,Jacquenette Roycroft,Engineer,jroycroftd8@bloomberg.com,2ES4rJ3
478,Oran Larraway,Engineer Supervisor,olarrawayd9@nih.gov,leg4spYr2
479,Alica Flieger,Engineer Supervisor,afliegerda@mysql.com,UPnCwvtV
480,Iorgos Pantecost,Customer,ipantecostdb@usatoday.com,8JerYhV7BIck
481,Tiffanie Hawsby,Engineer,thawsbydc@about.com,Y4IFspMQ7
482,Christen Bloom,Engineer Supervisor,cbloomdd@utexas.edu,edAPfelh
483,Berk Hutchison,Engineer,bhutchisonde@yellowbook.com,PXmKCrbX
484,Rouvin Le Batteur,Engineer,rledf@google.es,4S0szu3
485,Aldo Philcott,Engineer,aphilcottdg@state.gov,sb5HmjDiQ
486,Dillie Ellershaw,Engineer Supervisor,dellershawdh@examiner.com,FJbn3o
487,Margi Slowley,Engineer Supervisor,mslowleydi@goo.gl,h7ppV610mKX
488,Virgina Craven,Customer,vcravendj@redcross.org,NLJPeT
489,Erl McCullum,Engineer Supervisor,emccullumdk@ameblo.jp,LR9QygJEKB
490,Marsha Doreward,Customer,mdorewarddl@tinyurl.com,zMgrAu
491,Cyndi Heinreich,Engineer,cheinreichdm@biblegateway.com,3Iwa763f
492,Amye Tims,Engineer Supervisor,atimsdn@engadget.com,dZxjmHy
493,Shelia Scrymgeour,Engineer,sscrymgeourdo@ehow.com,J5HQX5cbE
494,Layla Golton,Engineer Supervisor,lgoltondp@prweb.com,ORjpztk
495,Bridie Fortye,Engineer Supervisor,bfortyedq@gravatar.com,6rZUJE
496,Vilhelmina Minards,Engineer Supervisor,vminardsdr@unesco.org,OznLBv6ZtC6b
497,Juline Shellsheere,Customer,jshellsheereds@soundcloud.com,Hsfb6SeFBcPu
498,Noelle Bartholin,Engineer,nbartholindt@cnbc.com,elMEHX
499,Jayson Dumbrill,Engineer Supervisor,jdumbrilldu@toplist.cz,kWW6dMhmbZ7V
500,Maryann McHaffy,Engineer Supervisor,mmchaffydv@patch.com,aJTddk
501,Tracy Beden,Engineer Supervisor,tbedendw@webmd.com,lAUZNAkG
502,Delores Sauven,Engineer,dsauvendx@springer.com,OQLohsWjv
503,Oswell Readings,Engineer Supervisor,oreadingsdy@shinystat.com,BEYADeGFH
504,Jordon Scarth,Engineer,jscarthdz@desdev.cn,5mZ39E0HLGZ
505,Lynnette Popplewell,Engineer Supervisor,lpopplewelle0@w3.org,xcIfb5cJAX
506,Antonia Nower,Engineer Supervisor,anowere1@unicef.org,nfPTxCIa
507,Foster Brockington,Engineer,fbrockingtone2@yolasite.com,8Hh7gJSt6DI
508,Rachele Guilleton,Engineer,rguilletone3@elegantthemes.com,mfPG5X
509,Barnabas Castelluzzi,Customer,bcastelluzzie4@freewebs.com,XjwOtr5eGagC
510,Erinn Lesurf,Engineer Supervisor,elesurfe5@newyorker.com,NAsfnoAYAq
511,Winnifred Braferton,Engineer,wbrafertone6@ucsd.edu,n4DewCl
512,Laney Cumesky,Customer,lcumeskye7@opera.com,20NQtPtA
513,Clair Barham,Engineer,cbarhame8@multiply.com,oXTCmnYjpr
514,Reinaldo Viggers,Engineer Supervisor,rviggerse9@army.mil,bGavRqz
515,Amelina Somersett,Engineer,asomersettea@macromedia.com,WCeSE9i
516,Anastasia Redgrave,Customer,aredgraveeb@mashable.com,4eSyPHAV
517,Gerti Dunstall,Customer,gdunstallec@cpanel.net,9Iq00TnVLPz9
518,Averil Stolli,Engineer,astollied@boston.com,PJ3PlfE
519,Ardis Upton,Customer,auptonee@live.com,SQzw67TlV9V
520,Myca Tattersill,Customer,mtattersillef@seattletimes.com,cO2INAVtn
521,Johnna Scroggs,Engineer Supervisor,jscroggseg@ihg.com,2JrFgYuJX
522,Kelsey Pavlenko,Engineer,kpavlenkoeh@chron.com,Q6wnur
523,Borden Rozzier,Engineer Supervisor,brozzierei@opensource.org,zS4icZkeQ8I
524,Jilli Fenwick,Engineer Supervisor,jfenwickej@scribd.com,1zkvhX
525,Constantia Kennan,Engineer,ckennanek@4shared.com,EaRscTk
526,Sascha Rediers,Engineer,srediersel@stanford.edu,5yqKKfqNg
527,Krispin Pele,Customer,kpeleem@odnoklassniki.ru,LRy6PLrcRJ
528,Britteny Baraja,Engineer Supervisor,bbarajaen@ustream.tv,6m7D4xjW
529,Leta Aylwin,Engineer,laylwineo@xing.com,gp1tlKpP
530,Pammy Flaws,Customer,pflawsep@cornell.edu,jIt9tPEM
531,Anne-marie Taig,Customer,ataigeq@mysql.com,W6b2YtOzHu
532,Tonia McHan,Engineer Supervisor,tmchaner@dyndns.org,ftCMoQ57a
533,Stanleigh Braund,Engineer Supervisor,sbraundes@clickbank.net,OGxRM7Xd
534,Colleen Sirrell,Engineer Supervisor,csirrellet@vimeo.com,spjve09j3
535,Carmita Voden,Customer,cvodeneu@163.com,ulGQeVWP
536,Marcy Arnao,Engineer Supervisor,marnaoev@mac.com,75rZ3g4vdu
537,Kahaleel Redfearn,Customer,kredfearnew@netlog.com,COLBPZn
538,Ronny Perot,Engineer,rperotex@google.com.br,rmd3LFGIUpUE
539,Shandra Pagram,Engineer Supervisor,spagramey@yahoo.com,cYnAm8Sv1wV
540,Minta Goldis,Customer,mgoldisez@angelfire.com,kcCsQW7
541,Cal Banks,Customer,cbanksf0@diigo.com,LUp4ZcGQngWw
542,Eadith Myles,Customer,emylesf1@theglobeandmail.com,S2tbD0VJyu
543,Carlita Renzini,Customer,crenzinif2@jimdo.com,UiMLPXlKk
544,Merv Schaffler,Engineer Supervisor,mschafflerf3@netvibes.com,7rSCYkJM
545,Phedra Trelevan,Customer,ptrelevanf4@illinois.edu,TNtkTaWA8
546,Tonnie Codron,Engineer Supervisor,tcodronf5@wikispaces.com,oONv8qaZv
547,Rochell Featherstone,Engineer,rfeatherstonef6@storify.com,6KTYrDfb
548,Estel Please,Customer,epleasef7@meetup.com,Zg0rVqcC6
549,Brnaba Finlason,Customer,bfinlasonf8@eventbrite.com,dO5O4VNj5yN
550,Shaylynn Tamplin,Engineer,stamplinf9@amazon.de,uLPXo9EH
551,Trina Tander,Engineer,ttanderfa@theguardian.com,Ox93shIcOB8N
552,Oran Cosford,Engineer Supervisor,ocosfordfb@fc2.com,lKLVgUGIHm
553,Ezmeralda Monnoyer,Engineer,emonnoyerfc@ucoz.ru,5JV3VjX9R
554,Ross Briston,Engineer,rbristonfd@last.fm,8T8q5PYQxK
555,Martin Boorn,Engineer,mboornfe@ucoz.com,drBNKPlWzJ
556,Nikos Dybald,Engineer Supervisor,ndybaldff@simplemachines.org,9drQ4e6
557,Norri Fidelus,Customer,nfidelusfg@ted.com,1nEfIAFxK
558,Reggy Heddy,Engineer,rheddyfh@moonfruit.com,SpiofOnjxE7
559,Balduin Learoyd,Engineer Supervisor,blearoydfi@facebook.com,Xvm6OSQI
560,Standford Duckwith,Engineer,sduckwithfj@independent.co.uk,oc07namvDDK5
561,Colline Gater,Customer,cgaterfk@google.nl,NpG99PG2Jy
562,Orson Gales,Customer,ogalesfl@nyu.edu,uYIdnHEb
563,Nadean Helliwell,Engineer,nhelliwellfm@shop-pro.jp,o8lfpiY
564,Sebastian Argyle,Engineer,sargylefn@who.int,adQiFhEl
565,Penelope De Wolfe,Customer,pdefo@smugmug.com,MOntW77cSpX
566,Brandtr Woollett,Engineer,bwoollettfp@dropbox.com,8kOvQtYgu
567,Guinna Coward,Engineer,gcowardfq@youtu.be,S2PlX1CVy3d
568,Ken Ferriman,Engineer,kferrimanfr@about.me,8NQ9NzRc0I
569,Rollins Dimitriev,Customer,rdimitrievfs@salon.com,b9MRgJ8Q
570,Aymer Leveritt,Engineer Supervisor,aleverittft@networksolutions.com,CFuy9uO
571,Cherish Dell,Engineer Supervisor,cdellfu@gov.uk,vKj15S
572,Selig Liddiard,Engineer Supervisor,sliddiardfv@guardian.co.uk,sEJkMXF
573,Ode Tal,Engineer,otalfw@independent.co.uk,wMX06Os
574,Sonny Tabourin,Engineer Supervisor,stabourinfx@gov.uk,xbIB65
575,Lauree Bridges,Customer,lbridgesfy@wordpress.org,nXv7lWmJ
576,Abe Muckart,Engineer,amuckartfz@toplist.cz,xUMvOA2GXG
577,Cesare Vallance,Engineer,cvallanceg0@gov.uk,HpYReBx
578,Val Dobkin,Engineer,vdobking1@pagesperso-orange.fr,zyMz6DPZ4LBh
579,Pat Sorsbie,Engineer,psorsbieg2@google.com.br,R7rQQG
580,Delphine Fordham,Customer,dfordhamg3@webeden.co.uk,QOYuvEqe
581,Tammi Kondrachenko,Engineer,tkondrachenkog4@earthlink.net,1AI5xTDw
582,Carilyn Mico,Engineer,cmicog5@china.com.cn,zRmmKB
583,Brande Powling,Engineer Supervisor,bpowlingg6@zimbio.com,UQk1sI3yZG
584,Emelina Roggieri,Engineer Supervisor,eroggierig7@chron.com,8Rowx9nUdLzl
585,Roy Thackray,Customer,rthackrayg8@wikia.com,3VYxBr13w7
586,Gavin Risborough,Customer,grisboroughg9@geocities.com,IzinZJDbn1B
587,Thorn Danihelka,Customer,tdanihelkaga@techcrunch.com,kJtf81mXs4HL
588,Allen Trott,Customer,atrottgb@senate.gov,KPSmxJHw
589,Boot Cranfield,Engineer Supervisor,bcranfieldgc@deviantart.com,ELQhCl
590,Sheffy Yakubowicz,Engineer Supervisor,syakubowiczgd@patch.com,hSSo9c
591,Zacharias Dahl,Engineer Supervisor,zdahlge@51.la,YM0XTirC
592,Tomi Baughan,Engineer Supervisor,tbaughangf@webs.com,lDDpsz
593,Dunn Skeel,Customer,dskeelgg@newsvine.com,dHSlvfKiwHf
594,Harmonie Hirtzmann,Engineer Supervisor,hhirtzmanngh@merriam-webster.com,oYL0HQN
595,Sunny Tolussi,Engineer Supervisor,stolussigi@fastcompany.com,LQuQMESo7
596,Alric Boolsen,Customer,aboolsengj@twitpic.com,sv3AJtbLAYNO
597,Kirstin Baston,Customer,kbastongk@hao123.com,4y1BPsY
598,Erica McManamen,Engineer,emcmanamengl@github.io,MBY3RRz7oEcE
599,Nico Berlin,Engineer,nberlingm@pen.io,ImOzGPAflv8
600,Harper Avraam,Customer,havraamgn@techcrunch.com,fxQTuD5
601,Sarita Driutti,Engineer Supervisor,sdriuttigo@dmoz.org,dHvl2ec
602,Casar Schnieder,Engineer Supervisor,cschniedergp@bloglines.com,mzBIKq
603,Rriocard Omrod,Engineer Supervisor,romrodgq@google.de,XfEBG5VI
604,Angelina Kobiera,Engineer,akobieragr@scribd.com,YPUHnW6
605,Hunter Shallcrass,Engineer Supervisor,hshallcrassgs@state.gov,msZjGqlSWc
606,Alyce Etherington,Customer,aetheringtongt@java.com,IhbwGAm7x2n
607,Whit Wilber,Engineer Supervisor,wwilbergu@soup.io,CWtDN2wea
608,Bondon McInulty,Engineer Supervisor,bmcinultygv@arizona.edu,QEaZrgClvYmc
609,Yul Dumphreys,Engineer Supervisor,ydumphreysgw@dailymail.co.uk,GrpoMn9CArT
610,Shirley Tabert,Engineer,stabertgx@meetup.com,YAYG58hnA1OD
611,Gilbertine Blaney,Engineer,gblaneygy@stumbleupon.com,lBy1LJW
612,Marena Offer,Engineer,moffergz@over-blog.com,GSUdPSFeYvY
613,Dionysus Fordham,Engineer,dfordhamh0@istockphoto.com,WJQiv7P
614,Bekki Niessen,Engineer Supervisor,bniessenh1@yahoo.co.jp,pLCQFC
615,Sybilla Mosey,Customer,smoseyh2@whitehouse.gov,thIlXdJp
616,Ceil Coldbath,Engineer Supervisor,ccoldbathh3@washingtonpost.com,Mhv2FMgfL0G
617,Kelila Whate,Engineer Supervisor,kwhateh4@youtube.com,Lj7wgTh6j
618,Brandtr McDonand,Customer,bmcdonandh5@patch.com,yeLhGF
619,Jesus Steinson,Engineer,jsteinsonh6@qq.com,uWZBAL
620,Allianora Yushkov,Customer,ayushkovh7@shop-pro.jp,1XF5jrqCWC
621,Meta Gravett,Engineer,mgravetth8@addthis.com,ib73q0Tt7SYZ
622,Dorolisa Keaveny,Customer,dkeavenyh9@japanpost.jp,q12D5gdcAqE
623,Annabelle Mersey,Engineer Supervisor,amerseyha@bloomberg.com,X6eJ11
624,Bron Mabson,Customer,bmabsonhb@google.co.uk,wKGSyMscIw
625,Carlen Brideoke,Engineer,cbrideokehc@cornell.edu,PrSbqNPum1D
626,Nadeen Froude,Engineer,nfroudehd@cnn.com,EyH7UA
627,Olvan Baker,Engineer Supervisor,obakerhe@pinterest.com,jPblmR2sZF
628,Melva Leech,Engineer Supervisor,mleechhf@acquirethisname.com,SzfCWslzoya2
629,Evania Ianson,Engineer,eiansonhg@last.fm,cMnBwLoTxT
630,Giulio Glenfield,Engineer Supervisor,gglenfieldhh@opera.com,fKUPvMX4me1V
631,Chelsy Costy,Customer,ccostyhi@privacy.gov.au,udYNNd
632,Oby Grabban,Customer,ograbbanhj@blogger.com,7EtWax5Rlq
633,Killie Pegler,Engineer Supervisor,kpeglerhk@topsy.com,YAEGBOOg4J
634,Maude Stealy,Customer,mstealyhl@gravatar.com,qwJHHjKDyS
635,Bartel Joselovitch,Engineer,bjoselovitchhm@salon.com,cB5jbK
636,Giovanna Dearl,Engineer Supervisor,gdearlhn@liveinternet.ru,nKsNneFnvpdt
637,Mahalia Skurray,Customer,mskurrayho@dyndns.org,wsBiy8r
638,Sylvan Padberry,Engineer Supervisor,spadberryhp@behance.net,SZSqwkG8t9M
639,Rustin Deener,Engineer Supervisor,rdeenerhq@engadget.com,VrxDCAD
640,Nelia Iskow,Engineer,niskowhr@jimdo.com,abcwMLxMu
641,Emmye Cherm,Customer,echermhs@cisco.com,xv1Gr12Z
642,Elmo Densell,Engineer Supervisor,edensellht@usda.gov,JwhQ8W44f
643,Leela Blewmen,Customer,lblewmenhu@cbslocal.com,iVSvKDMLBS
644,Glenna Klassmann,Engineer Supervisor,gklassmannhv@booking.com,OS4VQhN
645,Francklin Sabbins,Engineer Supervisor,fsabbinshw@epa.gov,ijtQ75P
646,Christopher McCluskey,Engineer,cmccluskeyhx@alexa.com,x6autbH
647,Kliment Mummery,Engineer,kmummeryhy@de.vu,blS9RVwRuSj
648,Felizio Humblestone,Customer,fhumblestonehz@tinyurl.com,sVvrTVl9Tf
649,Stella Thorouggood,Engineer Supervisor,sthorouggoodi0@studiopress.com,jWC6qkagg
650,Pierrette Van den Bosch,Engineer Supervisor,pvani1@prlog.org,ApxCWp
651,Consolata Dews,Customer,cdewsi2@yolasite.com,ZTG7tbbZ
652,Pearline Forgan,Engineer Supervisor,pforgani3@smugmug.com,MvZ1dZzA5Cd
653,Marabel Outhwaite,Engineer,mouthwaitei4@usnews.com,AchMiQ1dwq
654,Penny Makeswell,Engineer Supervisor,pmakeswelli5@wired.com,xagvTiv5aZ
655,Eleen Alpes,Engineer Supervisor,ealpesi6@tiny.cc,ttQ2coimNib
656,Rooney Posthill,Engineer,rposthilli7@yale.edu,2tRxY87tP
657,Cecil Palatino,Engineer,cpalatinoi8@wordpress.com,SSAh9Rd
658,Alvy McShane,Customer,amcshanei9@shop-pro.jp,ZAAX80S
659,Robbi Liles,Engineer,rlilesia@cnet.com,cyW4ct6eYLU0
660,Francklin Meffen,Customer,fmeffenib@cmu.edu,N5Mk6xeH
661,Dorothee Harle,Engineer Supervisor,dharleic@ehow.com,4m5nLinjiY9i
662,Vanda Learoyd,Customer,vlearoydid@biglobe.ne.jp,gKhGfFkq
663,Amber Havers,Engineer Supervisor,ahaversie@live.com,XgzUQN6
664,Allix Ganders,Engineer,agandersif@latimes.com,n1P5EGABYbH5
665,Florina Sissens,Engineer Supervisor,fsissensig@macromedia.com,hxBjoF
666,Ring Trayford,Engineer Supervisor,rtrayfordih@is.gd,QGoQ2YNHSY3r
667,Janka Zotto,Engineer,jzottoii@usa.gov,zdFKd57dpBa8
668,Rania Rickersey,Engineer,rrickerseyij@globo.com,P9XJXrZ5NRZ
669,Wanda Hunnybun,Engineer,whunnybunik@dedecms.com,E7iYBOT3hzH
670,Ambrosi Doctor,Customer,adoctoril@accuweather.com,L7HqbED
671,Evangelina Lynnitt,Engineer,elynnittim@miibeian.gov.cn,w1QUwoW0fY8
672,Sauncho Weakley,Customer,sweakleyin@vinaora.com,VLShaHTRtl
673,Ardelis Ruckhard,Engineer,aruckhardio@artisteer.com,FxiAp3BOe
674,Ulric Schindler,Engineer,uschindlerip@eventbrite.com,7WdAg4
675,Petrina Saurin,Engineer,psauriniq@a8.net,dm1ptaN
676,Ozzie Hurne,Engineer Supervisor,ohurneir@youtu.be,cB5POwlW
677,Burk Seeds,Engineer Supervisor,bseedsis@miibeian.gov.cn,wxRVnm
678,Linzy Lindsley,Engineer Supervisor,llindsleyit@yellowpages.com,7oPZXvi
679,Leon Haney,Engineer,lhaneyiu@irs.gov,qrlTbMzZ
680,Zacharias Tilne,Engineer,ztilneiv@thetimes.co.uk,SZe1L502
681,Elva Grewcock,Customer,egrewcockiw@surveymonkey.com,QU4A7LwbTGi5
682,Aryn Kestin,Engineer Supervisor,akestinix@mayoclinic.com,ywSjXrk
683,Aleen Bowcock,Engineer,abowcockiy@cloudflare.com,znQF0J9iXF
684,Bartel O' Concannon,Engineer Supervisor,boiz@irs.gov,ee0xnaFps51
685,Brianna Oliveira,Engineer Supervisor,boliveiraj0@google.it,o9PjdakoASCl
686,Faustina Paszak,Customer,fpaszakj1@cnet.com,bz0kt7VB
687,Laurence Brachell,Engineer,lbrachellj2@eventbrite.com,Sv7obGWBn8
688,Avrit Tutill,Engineer Supervisor,atutillj3@ucoz.com,p8CAkmHmSAU
689,Neville Secker,Engineer Supervisor,nseckerj4@dot.gov,Z9bq9XCvNep3
690,Stephen Mustoo,Customer,smustooj5@i2i.jp,LEGeAx8m
691,Karon Yurinov,Engineer,kyurinovj6@patch.com,nNrzXNywMi
692,Valli Woodruff,Customer,vwoodruffj7@scientificamerican.com,52UJiSISQ
693,Arvin Crimmins,Engineer Supervisor,acrimminsj8@usda.gov,Yk0CIrGYF5
694,Hillary Tolhurst,Customer,htolhurstj9@php.net,2h6JZC8
695,Merilee Theobold,Engineer,mtheoboldja@paginegialle.it,LoUbo4NFEr9m
696,Shandy Beckenham,Engineer,sbeckenhamjb@friendfeed.com,NqE6hX
697,Benedikta Craister,Engineer,bcraisterjc@miitbeian.gov.cn,oFOWQwl3
698,Efren Timblett,Engineer,etimblettjd@4shared.com,vh7rQKrQ
699,Conrad Ianiello,Customer,cianielloje@samsung.com,oEDblR6bTMh
700,Andonis Robyns,Customer,arobynsjf@usda.gov,Xnduw3KYR2
701,Jaquith Rampley,Customer,jrampleyjg@mapy.cz,jP0Z5sNY5n
702,Kayle Esselin,Customer,kesselinjh@marriott.com,xxzSU0SKj
703,Wiley Cresswell,Engineer Supervisor,wcresswellji@blinklist.com,64PlhdS
704,Vina Chidwick,Engineer Supervisor,vchidwickjj@washington.edu,czdUrq8ddwP7
705,Sascha Girt,Customer,sgirtjk@moonfruit.com,4vdbNcK5
706,Joyce Joss,Engineer,jjossjl@yale.edu,iJe9SJ1wC86U
707,Lexis Shenton,Engineer,lshentonjm@webs.com,I5y9Lri
708,Jocelin Frift,Customer,jfriftjn@123-reg.co.uk,oiM4yx0M
709,Geraldine Holliar,Customer,gholliarjo@netlog.com,RQEiqGjd
710,Ellery Georg,Customer,egeorgjp@woothemes.com,p7z0xUVoy
711,Conway Maw,Engineer Supervisor,cmawjq@boston.com,OzvOo2zpsj
712,Hollie Alker,Engineer,halkerjr@hc360.com,8NxYD94XN
713,Merle Beavers,Engineer Supervisor,mbeaversjs@businessinsider.com,RBXWZC
714,Sydel Gogan,Customer,sgoganjt@devhub.com,qSk3eW
715,Shurlock Barzen,Engineer Supervisor,sbarzenju@clickbank.net,ynCr6Vmx
716,Pip Berkery,Engineer,pberkeryjv@berkeley.edu,RmUc6a8ORT8
717,Fiona Tapley,Customer,ftapleyjw@wordpress.com,a8IXnn8GViIo
718,Jaquenetta Course,Customer,jcoursejx@ow.ly,Gk3pRoaTh
719,Reid Headingham,Engineer,rheadinghamjy@nytimes.com,Mfm5tzx
720,Maurine Voysey,Engineer,mvoyseyjz@goodreads.com,sIQYSFyxED
721,Orion Rubertelli,Customer,orubertellik0@over-blog.com,RcbOSByPLV
722,Donnell McCafferky,Engineer,dmccafferkyk1@cam.ac.uk,E7RrqJ6TnA
723,Guido Rzehor,Engineer,grzehork2@stanford.edu,oc5raE3vthw
724,Vittorio Laise,Customer,vlaisek3@cnet.com,ZCdiPh
725,Amelina Baynom,Customer,abaynomk4@nps.gov,eygPYErX
726,Blanca Utteridge,Customer,butteridgek5@parallels.com,LTKyRO
727,Doretta Keelinge,Customer,dkeelingek6@mashable.com,NGGXGMNuJ0fJ
728,Kurtis Nicholson,Customer,knicholsonk7@naver.com,nqt9X2gFlj
729,Ginnifer Dearn,Customer,gdearnk8@spiegel.de,FFPRkRPOr
730,Chaddy Kimbell,Engineer,ckimbellk9@hexun.com,dd2a7SvmHU
731,Kayle Kingham,Customer,kkinghamka@amazon.de,cgEPwS
732,Maggie Bloomer,Engineer,mbloomerkb@joomla.org,oWtN9b
733,Julietta Hawtin,Customer,jhawtinkc@posterous.com,MOjK9Km
734,Olympia Rubinfajn,Engineer,orubinfajnkd@furl.net,5KwJPt5
735,Teressa Kyne,Engineer,tkyneke@ifeng.com,iPXiAT
736,Joly Banghe,Engineer,jbanghekf@a8.net,Xuv7bqVi
737,Darn Probert,Customer,dprobertkg@telegraph.co.uk,uRRjwfO
738,Flossi Biever,Engineer Supervisor,fbieverkh@scribd.com,byGBUvQt6SaX
739,Melania Sloyan,Customer,msloyanki@amazon.co.jp,rXjkbL
740,Hali Swanton,Engineer,hswantonkj@epa.gov,h2LnB0Lpe2H
741,Jaye Pursglove,Customer,jpursglovekk@aboutads.info,8rIWv6iBCmx
742,Jeri Fronek,Engineer Supervisor,jfronekkl@timesonline.co.uk,e5ms2I8ys4U
743,Willem Gosforth,Engineer Supervisor,wgosforthkm@arizona.edu,2rViWuwK
744,Betti Le Prevost,Customer,blekn@zimbio.com,RTJz6QnURTv
745,Rochella Doerling,Engineer Supervisor,rdoerlingko@mac.com,i5PehDRqdtho
746,Agustin Pringle,Customer,apringlekp@bloglovin.com,sGkJwXMqL5rV
747,Kelsi Haulkham,Engineer,khaulkhamkq@blogspot.com,YgfaNyXkz
748,Farly O'Mara,Engineer Supervisor,fomarakr@prnewswire.com,F4sGj4F7SA
749,Alleen Scading,Engineer Supervisor,ascadingks@posterous.com,zn0EakXlu
750,Batsheva Benham,Engineer,bbenhamkt@yahoo.com,MrPyYzK
751,Roosevelt Landal,Engineer Supervisor,rlandalku@admin.ch,HWO1WZHOg5k
752,Vernon Nattriss,Engineer Supervisor,vnattrisskv@wordpress.org,QALchp6Dvyd
753,Caz Myrkus,Engineer,cmyrkuskw@purevolume.com,s0qR84d0x
754,Lesley Shedden,Engineer,lsheddenkx@theglobeandmail.com,ZOb5Ly
755,Ronda Burroughes,Customer,rburroughesky@php.net,jEv1v2l
756,Marcela Iddon,Engineer Supervisor,middonkz@sourceforge.net,8eKH4B
757,Liva Fontaine,Customer,lfontainel0@theatlantic.com,1Ilm5rvtK
758,Kathi Nattrass,Customer,knattrassl1@boston.com,xpIlRHM
759,Mortimer Smurfitt,Engineer Supervisor,msmurfittl2@accuweather.com,09rXoa7Q
760,Minetta Dyhouse,Engineer Supervisor,mdyhousel3@amazon.de,Tf0nv7vBeNS
761,Hollis Truitt,Engineer,htruittl4@mashable.com,cslyABq
762,Romonda Derrett,Engineer,rderrettl5@weibo.com,HwzeeaTqF
763,Jennilee Ramsbotham,Engineer,jramsbothaml6@histats.com,qNd2PBI2q0w
764,Kim Salack,Engineer,ksalackl7@ning.com,GVhTQ4ovJ
765,Marietta Dray,Customer,mdrayl8@miitbeian.gov.cn,END4ts
766,Nonie Sendley,Customer,nsendleyl9@unicef.org,m5iPJQNb2
767,Shawn Iston,Customer,sistonla@bbb.org,yhP1EAav
768,Pearce Harbertson,Engineer Supervisor,pharbertsonlb@un.org,je1LzcSgMjwd
769,Klaus Spatarul,Engineer Supervisor,kspatarullc@vk.com,yBXJMnNvTEVl
770,Pattie Greengrass,Customer,pgreengrassld@cam.ac.uk,fLK2zFdRXBB5
771,Elwin Killigrew,Engineer,ekilligrewle@adobe.com,28ghlqM7Fvz
772,Nari Degue,Engineer Supervisor,ndeguelf@economist.com,WeqTED
773,Rolland Eacle,Engineer,reaclelg@hc360.com,tHpMawKwH
774,Adrien McNeigh,Customer,amcneighlh@jugem.jp,CyHhY2h
775,Spence Binks,Engineer,sbinksli@taobao.com,Iaxzftf
776,Lois Dymott,Customer,ldymottlj@columbia.edu,LHFw8VRZhqEW
777,Judith Showen,Customer,jshowenlk@seesaa.net,iuY9Yh2fw
778,Leighton Houson,Customer,lhousonll@trellian.com,PlPSzt
779,Paule Coast,Engineer,pcoastlm@miibeian.gov.cn,05BeJ3qmGCXr
780,Ettie Blackford,Engineer Supervisor,eblackfordln@mozilla.org,9tzgVTXgR
781,Vince Castellan,Engineer,vcastellanlo@reverbnation.com,VHlX7mLk
782,Corliss Mogenot,Engineer,cmogenotlp@eepurl.com,LVsxtIVs2ndh
783,Edithe MacAlpine,Engineer,emacalpinelq@bbb.org,60uB1H7qrMh
784,Alley Roncelli,Engineer,aroncellilr@reference.com,OBn4B2
785,Coreen Brightling,Customer,cbrightlingls@wufoo.com,gWAQRgPa2H5u
786,Fae Eite,Engineer,feitelt@mac.com,2BAUPq
787,Sheree Trenchard,Customer,strenchardlu@mit.edu,IoVFB9fG4fY2
788,Dallas Titchener,Engineer Supervisor,dtitchenerlv@stanford.edu,HdiKnWBGB5
789,Margy Yea,Engineer Supervisor,myealw@godaddy.com,DiOyDfILTOd3
790,Nathalia Eccleshall,Customer,neccleshalllx@diigo.com,wH45pM
791,Lance Fleming,Engineer,lflemingly@oakley.com,maCeEqMqUnMb
792,Antonetta Hearst,Engineer Supervisor,ahearstlz@amazonaws.com,fnT53W
793,Beniamino Bonafant,Engineer Supervisor,bbonafantm0@jimdo.com,J7mNlld
794,Paul Wedderburn,Engineer,pwedderburnm1@acquirethisname.com,mTmWvu
795,Claribel Allewell,Engineer Supervisor,callewellm2@mapquest.com,4bnCKmBE
796,Mireielle Woonton,Engineer,mwoontonm3@ft.com,dfCBYWB
797,Joeann Minister,Customer,jministerm4@loc.gov,gHBTSvF2
798,Cam Meany,Engineer Supervisor,cmeanym5@webs.com,SL7uTkV3W4t
799,Adrianne Boatman,Engineer Supervisor,aboatmanm6@shareasale.com,WcyoJuJl4Hi
800,Keriann Braidwood,Customer,kbraidwoodm7@washington.edu,HEGPYD
801,Elsbeth Brunesco,Engineer,ebrunescom8@dion.ne.jp,9FDqBirENA
802,Leland Gilhouley,Engineer,lgilhouleym9@squarespace.com,MYr1d2lByt
803,Marci Whitticks,Engineer Supervisor,mwhitticksma@wp.com,3JvwRf
804,Inglebert Dugdale,Engineer Supervisor,idugdalemb@hatena.ne.jp,P0YKkAK8IE
805,Rochell Kingston,Customer,rkingstonmc@narod.ru,RmuSjmq
806,Aubrette Arundale,Engineer,aarundalemd@diigo.com,q0Mgu7s
807,Quintin Norkutt,Engineer,qnorkuttme@dagondesign.com,yu6ZC4LEpjVk
808,Christa Hartright,Engineer Supervisor,chartrightmf@google.co.uk,jDcd571gymWA
809,Kerry Marlow,Engineer,kmarlowmg@google.de,Kerp2XqF
810,Gale Renshell,Customer,grenshellmh@pen.io,WhHEuzw08I1
811,Kalila Tremoille,Engineer Supervisor,ktremoillemi@mayoclinic.com,IfjnrHIR6wo3
812,Liza De Souza,Engineer,ldemj@plala.or.jp,P8N8KASAcTd
813,Lorain Divall,Engineer,ldivallmk@statcounter.com,0D5wcAR
814,Thalia Llopis,Engineer,tllopisml@deviantart.com,c453ElvM
815,Tiffie Espinosa,Engineer,tespinosamm@prweb.com,osU25vs
816,Paulita Kegan,Customer,pkeganmn@sakura.ne.jp,ST76xMIO6a
817,Cal Fairney,Customer,cfairneymo@washington.edu,X1E9EHqK
818,Mildred Destouche,Engineer,mdestouchemp@comcast.net,Z5si58keEL
819,Jeffrey Herety,Engineer Supervisor,jheretymq@google.com.au,0gDmGNNiRxZ
820,Noel Robardey,Customer,nrobardeymr@earthlink.net,cLG7WnGD7
821,Oliviero Jimpson,Engineer,ojimpsonms@spotify.com,In6iGI
822,Shannah Stilwell,Engineer Supervisor,sstilwellmt@ibm.com,aONskx
823,Dehlia Chiplen,Engineer,dchiplenmu@pcworld.com,YkX3QBcEkMRM
824,Valeria Antal,Engineer Supervisor,vantalmv@360.cn,qS4atVz75x0
825,Drew Krysztofiak,Engineer,dkrysztofiakmw@google.co.jp,d9bhKtvJU
826,Meredithe Banton,Engineer,mbantonmx@topsy.com,6kIyz0Lb
827,Clarie Dudney,Engineer,cdudneymy@rediff.com,i8vwhv
828,Lonni Maynell,Engineer,lmaynellmz@cdbaby.com,MUvNKQf
829,Bel Jude,Customer,bjuden0@google.de,HGoSS26Pe3
830,Viki Fearneley,Engineer,vfearneleyn1@washington.edu,dgZUuhQ
831,Meagan Caslett,Engineer Supervisor,mcaslettn2@java.com,8rykjO7
832,Lenora Yoxen,Engineer,lyoxenn3@theatlantic.com,iQ0lQzD2M
833,James Ellerey,Engineer,jellereyn4@virginia.edu,ZCHVPr2
834,Guenevere Riseborough,Engineer,griseboroughn5@ed.gov,mPLZQ4C2CGMJ
835,Abeu Adamsky,Engineer Supervisor,aadamskyn6@unblog.fr,4zCduwYIN
836,Ignacio Braben,Customer,ibrabenn7@hhs.gov,QQfKlMYCvi5t
837,Marguerite Carter,Engineer Supervisor,mcartern8@abc.net.au,Axdyw8vh
838,Ursuline Klimashevich,Customer,uklimashevichn9@edublogs.org,Amn8Gz8o
839,Didi Pelchat,Engineer,dpelchatna@purevolume.com,1r1RYOvoao7
840,Valentijn Dallander,Engineer Supervisor,vdallandernb@mtv.com,ozw2tYItYR
841,Cacilia Gorriessen,Engineer Supervisor,cgorriessennc@weibo.com,kG2uEl
842,Ker Wormleighton,Engineer,kwormleightonnd@comsenz.com,UYpvlsLzEFh
843,Luce Whiffen,Customer,lwhiffenne@t.co,7a5x2gv
844,Garrot Dyott,Engineer Supervisor,gdyottnf@seattletimes.com,vXdM2V
845,Glennie Keating,Engineer Supervisor,gkeatingng@ucla.edu,1scVmV8XO
846,Averil Peatman,Engineer Supervisor,apeatmannh@ehow.com,b3Wj4h0G
847,Karel MacAvaddy,Customer,kmacavaddyni@statcounter.com,Wl6wGSI9PJXT
848,Granger Whitlam,Engineer,gwhitlamnj@bizjournals.com,mcs6edE
849,Delila Kopp,Engineer Supervisor,dkoppnk@dot.gov,Ozxilb1e7yT
850,Raphaela Skeggs,Engineer Supervisor,rskeggsnl@bloglines.com,CcNDIXbl
851,Vidovic Juza,Engineer Supervisor,vjuzanm@sakura.ne.jp,OZy864DN
852,Zed Forde,Engineer Supervisor,zfordenn@bravesites.com,ASU1YxD59jeq
853,Todd Domniney,Customer,tdomnineyno@mashable.com,e0biSRAxr2p
854,Brandtr Caine,Engineer Supervisor,bcainenp@fda.gov,jCdQKeGEe
855,Vera Lackington,Customer,vlackingtonnq@scientificamerican.com,lxykS89nioUb
856,Cecily Dorant,Engineer,cdorantnr@aboutads.info,4Y229L
857,Elizabeth Van Halle,Engineer,evanns@storify.com,UTYCX2LCFhN
858,Ashli Muffin,Engineer Supervisor,amuffinnt@myspace.com,05HJL0ojjg
859,Frederik Circuitt,Engineer,fcircuittnu@cdbaby.com,RJCpWb
860,Jesselyn Fabbro,Engineer Supervisor,jfabbronv@mail.ru,AXOLMJv
861,Ronald Wippermann,Engineer,rwippermannnw@rakuten.co.jp,sWZwhvWxvqY
862,Noe Caunter,Customer,ncaunternx@sourceforge.net,drxpeqa8
863,Genna Kraut,Engineer,gkrautny@cpanel.net,qfJ8eQOPO
864,Karin Kaine,Engineer Supervisor,kkainenz@ovh.net,UolQUtosJVOP
865,Rufus Figurski,Engineer,rfigurskio0@theatlantic.com,bSVnOx
866,Codi Gwillyam,Engineer,cgwillyamo1@dell.com,B33InCNueO9
867,Lanette Parcell,Engineer Supervisor,lparcello2@google.com.br,DxGL76TmB8eJ
868,Murvyn Cisland,Engineer Supervisor,mcislando3@amazon.de,Eyu3m7PQqBuA
869,Corette Cranshaw,Customer,ccranshawo4@china.com.cn,Qs519nx
870,Jenilee Seathwright,Engineer,jseathwrighto5@blogspot.com,jHCD4XWXH5
871,Keir Kun,Customer,kkuno6@va.gov,Ah5AWFDj
872,Elfrida Fanti,Engineer,efantio7@archive.org,hAMybq
873,Jonathon Gavagan,Customer,jgavagano8@tamu.edu,14wRmJp8tB
874,Tera Gever,Engineer,tgevero9@whitehouse.gov,isVe1lT
875,Valaree Hamblett,Engineer,vhamblettoa@multiply.com,Bn00cG
876,Candi Lange,Customer,clangeob@yellowbook.com,O0n2ZwO
877,Immanuel Simkin,Engineer,isimkinoc@amazonaws.com,GL2tLpQ
878,Izaak Thairs,Customer,ithairsod@vkontakte.ru,79ZUNS9qIlR
879,Carlyle Lambirth,Customer,clambirthoe@tiny.cc,RYknIUB
880,Pete Creedland,Engineer,pcreedlandof@mit.edu,n3sGpHX8r
881,Dannye Elcoat,Customer,delcoatog@51.la,o8vxrLPW8y
882,Josi Prestland,Engineer Supervisor,jprestlandoh@google.de,2x5nDGyQic
883,Auria Steinson,Customer,asteinsonoi@comsenz.com,3LR3bZixRt
884,Farlie Dury,Engineer,fduryoj@businessweek.com,1kq3bQD
885,Maire Tibbs,Engineer Supervisor,mtibbsok@com.com,ROo1S2
886,Jerrome Lappin,Customer,jlappinol@bloomberg.com,4UrWI0S
887,Anallise Cowderoy,Engineer Supervisor,acowderoyom@wiley.com,WaXSsmaq6Zn
888,Murielle Buey,Engineer Supervisor,mbueyon@barnesandnoble.com,ZdwWIk277
889,Aurea Collingworth,Engineer,acollingworthoo@usa.gov,x53HWlR7MA
890,Rand Ullyatt,Engineer,rullyattop@howstuffworks.com,5CYBeXuW2Cnb
891,Niki Bradtke,Customer,nbradtkeoq@livejournal.com,upOwvy7xg
892,Alikee Bryett,Engineer,abryettor@reuters.com,JH1I2S14ILA
893,Joanne Welburn,Engineer Supervisor,jwelburnos@unblog.fr,d34OC7lRmYi
894,Ryon Reekie,Engineer Supervisor,rreekieot@accuweather.com,qeDjAjsvUGt
895,Anett Woolmington,Customer,awoolmingtonou@blogspot.com,ypiCOk6
896,Noam Calbaithe,Engineer Supervisor,ncalbaitheov@naver.com,141wh7rs
897,Carlita Vennart,Engineer Supervisor,cvennartow@eepurl.com,d1CeBZIyZ
898,Sharyl McBrier,Engineer Supervisor,smcbrierox@sohu.com,ZnhNaKt8ro
899,Nikos Guynemer,Engineer,nguynemeroy@netscape.com,clbJU7G0Qkd
900,Jamie Chapple,Customer,jchappleoz@cdbaby.com,Bz07UfPK0qS
901,Nettie Abisetti,Engineer Supervisor,nabisettip0@newyorker.com,7VzIPCv
902,Shannan Klejin,Engineer,sklejinp1@umn.edu,ya873bySs
903,Sutton Franciskiewicz,Engineer,sfranciskiewiczp2@google.cn,LTBfxkIzMusu
904,Ferrel Chastenet,Engineer Supervisor,fchastenetp3@eepurl.com,C7iQ9QOHMsf
905,Rorie Briars,Engineer Supervisor,rbriarsp4@elegantthemes.com,6gLwZtW7
906,Fredek Forgan,Engineer Supervisor,fforganp5@rakuten.co.jp,rXG7eTV5
907,Shepherd Aloshikin,Customer,saloshikinp6@discuz.net,4SWVp8
908,Cassaundra Kegg,Engineer Supervisor,ckeggp7@microsoft.com,iJBnYH1gG3N
909,Quentin Thurgood,Engineer Supervisor,qthurgoodp8@jugem.jp,HJVWxvDi
910,Lolita Peer,Engineer,lpeerp9@berkeley.edu,aH5kYcI
911,Jobyna Dooland,Engineer Supervisor,jdoolandpa@eventbrite.com,76Yg2UxUd
912,Durante Mellers,Engineer Supervisor,dmellerspb@ucsd.edu,0LC5CqH
913,Danielle de Broke,Engineer Supervisor,ddepc@yale.edu,Rt57ztsJR
914,Caz Caves,Engineer Supervisor,ccavespd@discovery.com,nbTyRoiT
915,Oran Tonks,Engineer,otonkspe@google.co.jp,NrkqLJTq
916,Tomasina Simnor,Engineer,tsimnorpf@blog.com,NWacmYeE
917,Wendie Souley,Engineer Supervisor,wsouleypg@usa.gov,p5IRMNU
918,Dillon Alexsandrov,Customer,dalexsandrovph@disqus.com,9tIxS3adP
919,Jeddy Craighall,Engineer,jcraighallpi@msn.com,s2ZfQP60H
920,Brooks Trevear,Engineer,btrevearpj@freewebs.com,ikvbPfETci
921,Manfred Treswell,Engineer,mtreswellpk@fc2.com,egnDaNn
922,Simona Hatter,Customer,shatterpl@ucla.edu,Sc46YPDbLZu
923,Celestine Kingswood,Engineer,ckingswoodpm@bandcamp.com,IxPjeW
924,Elke Greenhalf,Engineer Supervisor,egreenhalfpn@sbwire.com,hiPD51u
925,Benyamin Bestwick,Customer,bbestwickpo@bandcamp.com,iCd2FAtz
926,Niles Smewings,Engineer Supervisor,nsmewingspp@cisco.com,gdszQWj
927,Aeriel Dreghorn,Engineer Supervisor,adreghornpq@quantcast.com,nHPHkptabGzt
928,Selene Vella,Engineer,svellapr@kickstarter.com,DCCaO7
929,Harlen Leggon,Engineer,hleggonps@cbslocal.com,9X0SO00Ad
930,Iseabal Ilymanov,Engineer Supervisor,iilymanovpt@nytimes.com,qgNbxfe
931,Ula Dengate,Customer,udengatepu@uol.com.br,9BzXmPvrxZUD
932,Carr Quelch,Customer,cquelchpv@rediff.com,kqr9EGb
933,Amitie Shimman,Engineer,ashimmanpw@ask.com,w70xeBIHrIn
934,Mattias Boecke,Engineer Supervisor,mboeckepx@opera.com,sJ9fImPL
935,Liva Fannon,Engineer,lfannonpy@dell.com,9lkhbtO
936,Axel MacGorley,Engineer,amacgorleypz@flavors.me,taDOtYdnT
937,Axe Mountain,Customer,amountainq0@cpanel.net,aiQEEI
938,Aretha Romanini,Customer,aromaniniq1@businessinsider.com,e4eTh6W
939,Pat Maciak,Engineer,pmaciakq2@infoseek.co.jp,RRYF0tt
940,Claude Corradeschi,Engineer,ccorradeschiq3@cdc.gov,sTjZ9JXkIu2
941,Randi Mordue,Engineer,rmordueq4@diigo.com,kaejMWM5r0
942,Eloisa Torrijos,Engineer Supervisor,etorrijosq5@ft.com,LPeWsPKKwHbB
943,Amalea Cotton,Customer,acottonq6@google.pl,9vErMfLNMcg
944,Sully Rainon,Engineer Supervisor,srainonq7@acquirethisname.com,I7koDN4j
945,Sella Bricknell,Customer,sbricknellq8@ftc.gov,AHNjBjOs
946,Kakalina Beavors,Customer,kbeavorsq9@hc360.com,1G5xi3Qr
947,Rhianon Yedy,Engineer Supervisor,ryedyqa@digg.com,wXxabFgpBX
948,Erich Roizn,Customer,eroiznqb@meetup.com,xDlP6SP0F
949,Martie Willetts,Engineer Supervisor,mwillettsqc@statcounter.com,RIaJDkaUfw
950,Willi Fawlo,Customer,wfawloqd@cornell.edu,eSjPzmqFIK7
951,Georgie Calleja,Engineer Supervisor,gcallejaqe@chron.com,Ae3doC7u
952,Flinn Genthner,Engineer,fgenthnerqf@wordpress.com,5uguEVww
953,Benny Wheatman,Engineer Supervisor,bwheatmanqg@cbc.ca,PR1IQuajq0
954,Joseito Bassett,Engineer Supervisor,jbassettqh@geocities.jp,zOoklZv6Zb
955,Calida Georg,Customer,cgeorgqi@linkedin.com,ytyJtEnC
956,Loren Binder,Engineer,lbinderqj@tinypic.com,ctyCmgTY
957,Suzann Bramah,Engineer,sbramahqk@histats.com,DMezxVUzWv
958,Doretta Gricewood,Engineer Supervisor,dgricewoodql@topsy.com,DLCz3hT6FNT
959,Dre Halladay,Customer,dhalladayqm@msn.com,8CQnOTdn
960,Leonie Freyne,Customer,lfreyneqn@networksolutions.com,e90RGX15
961,Juditha Matschek,Engineer Supervisor,jmatschekqo@qq.com,YEEOYbr1
962,Lesli Gilley,Engineer Supervisor,lgilleyqp@vimeo.com,42U6FGfjrV
963,Bay Vernazza,Customer,bvernazzaqq@multiply.com,FTzq8smN
964,Edgard Tyrwhitt,Engineer Supervisor,etyrwhittqr@spiegel.de,268TYk3Mvti
965,Michal Kryzhov,Engineer Supervisor,mkryzhovqs@smugmug.com,bBUll6z
966,Dukie Gallego,Customer,dgallegoqt@pinterest.com,GkOqnSSK
967,Simon Barnshaw,Customer,sbarnshawqu@slashdot.org,HtifF2UQO
968,Charo Oliver-Paull,Customer,coliverpaullqv@phoca.cz,QyPbqUYUL
969,Kristin Danieli,Engineer Supervisor,kdanieliqw@networksolutions.com,R9r97ezFh
970,Dulci Deverock,Engineer Supervisor,ddeverockqx@umn.edu,5kMorE00Mm
971,Raoul Bessett,Engineer,rbessettqy@slate.com,a3BkheOC0zkq
972,Natka Quilleash,Customer,nquilleashqz@seattletimes.com,CHYG8ziz
973,Felipe Wallace,Engineer,fwallacer0@smugmug.com,4QnszO
974,Reena Elkington,Customer,relkingtonr1@jalbum.net,yzdoVFkJ
975,Maddy Williams,Engineer,mwilliamsr2@yahoo.co.jp,PXAjLeAyv
976,Manon Ciotti,Engineer,mciottir3@edublogs.org,jDcJXpq4IjgX
977,Teodor Lowden,Engineer,tlowdenr4@twitter.com,iRBxCOxZET
978,Marty Kenningham,Customer,mkenninghamr5@usatoday.com,OK60FCEYE57
979,Rhodia Durrett,Customer,rdurrettr6@blog.com,as4fC1mpvwMt
980,Tabby Cominoli,Engineer Supervisor,tcominolir7@webeden.co.uk,JOtXxI4IF
981,Cyrille Hartin,Engineer Supervisor,chartinr8@bing.com,fMA8irRLY
982,Gunter Rackham,Customer,grackhamr9@telegraph.co.uk,k1xj6dHi75F
983,Cleopatra Blumfield,Engineer Supervisor,cblumfieldra@mysql.com,ZHsgNDYVsV
984,Harman Ellerman,Engineer Supervisor,hellermanrb@bing.com,I1YDqh52aS
985,Nicolette Jesse,Engineer,njesserc@mysql.com,VsjPHdUrRC1
986,Wendall McCreedy,Engineer Supervisor,wmccreedyrd@blogs.com,m91RVz
987,Jerad Gettens,Engineer Supervisor,jgettensre@chron.com,Qet1C6C
988,Mollie Float,Engineer Supervisor,mfloatrf@com.com,kWweLg
989,Phaidra Vescovo,Engineer,pvescovorg@wikia.com,dJhVfw1vmo
990,Fergus Speir,Engineer,fspeirrh@craigslist.org,UHbyclq7pd
991,Steward Boffey,Customer,sboffeyri@japanpost.jp,wcsb2bUoK
992,Fania Dragon,Engineer,fdragonrj@ox.ac.uk,CLBmRPdmw
993,Holmes Dickson,Customer,hdicksonrk@about.me,SFXkAFKalWyk
994,Uriah Bockmaster,Engineer,ubockmasterrl@dell.com,03CgopAUGu
995,Laughton Bundy,Engineer,lbundyrm@cnet.com,6BwWY11v
996,Karen Kenryd,Engineer,kkenrydrn@utexas.edu,WFndsjO
997,Fred Linnell,Engineer,flinnellro@nbcnews.com,zKaTpPJ
998,Shawna Matschek,Customer,smatschekrp@vkontakte.ru,Uzj344h0u3
999,Eddy Smoote,Engineer,esmooterq@tiny.cc,TPiV8ai
1000,Lamont Delhay,Customer,ldelhayrr@constantcontact.com,IsIMttUU
