customer_id,customer_name,customer_level,customer_mail,customer_company,customer_account,customer_password
1,Harrietta Joseff,Enterprise,hjoseff0@squarespace.com,Beer-Abbott,UtgVvFHa,ibfuOX37Q
2,Dominique Lamberteschi,Business,dlamberteschi1@gov.uk,"Lebsack, Johnson and Hoppe",dOmOUups,r24bcC8
3,Antonia Lympenie,Developer,alympenie2@rakuten.co.jp,Abbott and Sons,9deato,Un19a1
4,Kimmie Bartoshevich,Business,kbartoshevich3@cocolog-nifty.com,Gorczany-Howell,tYavs2,iDTQU4h3
5,Krystyna Yeats,Developer,kyeats4@sciencedaily.com,Wintheiser Inc,KGoIlPKO0AK9,d9l5C1LzECFj
6,Lesley Palatini,Enterprise On-Ramp,lpalatini5@ed.gov,Paucek LLC,0HT6A9X9,kl2Wn7Jq9Ard
7,Sully Paradyce,Enterprise,sparadyce6@illinois.edu,"Lindgren, Lubowitz and Wilkinson",vFcIFs,DPkjEg
8,Briny Savage,Developer,bsavage7@springer.com,"Upton, Kassulke and Pfeffer",f8UJyLkLC,3LceUc
9,Louise Brawley,Business,lbrawley8@jigsy.com,Jacobson and Sons,FmW3cJ,iMl1BN2ybxwz
10,Udall Hedan,Enterprise On-Ramp,uhedan9@google.com.au,Schimmel-Greenholt,vSWNKTLaL,RSz9zdv69
11,Scotty Wilsdon,Enterprise,swilsdona@intel.com,Kemmer-Barrows,64K4ys1VVQBL,mmsgrOiFO7Uj
12,Avram McRamsey,Enterprise On-Ramp,amcramseyb@ibm.com,Franecki-Kuhic,RF3QAPUl6,nUL2nGEgQha
13,Burnard Huws,Business,bhuwsc@google.co.jp,Bernier Inc,jWVhSdz,DGFN61C
14,Haslett Rodd,Enterprise,hroddd@bizjournals.com,"Fay, Gutkowski and Treutel",A9ih0IhxRM6j,YC2DHjOlYvz
15,Jarrett Bamb,Developer,jbambe@pinterest.com,"Wilderman, McKenzie and Hudson",DeKLih6,KwiDtH
16,Abby Minster,Enterprise On-Ramp,aminsterf@berkeley.edu,Wehner and Sons,PR7e47SjwY3,l5x4wsQSnX
17,Ariella Mulcaster,Enterprise On-Ramp,amulcasterg@tinypic.com,"Lemke, Boyle and Weissnat",3aTtMuaiZd,IoVwYdu7H
18,Gilbertine Klisch,Enterprise On-Ramp,gklischh@tmall.com,"Bayer, Bosco and Terry",zSrZJv,G6Uerno
19,Marijn Haldenby,Enterprise On-Ramp,mhaldenbyi@google.es,Ritchie LLC,r5yUxEI,5LgFu7AG1d
20,Emmerich Magrane,Enterprise On-Ramp,emagranej@etsy.com,"Ankunding, Doyle and Leffler",gEvoNIzXy,VZIz7JWz
21,Regina Dumini,Business,rduminik@photobucket.com,"Homenick, McDermott and Mills",fbKTQAgJmlHz,rnj1AVSrw
22,Chilton Tilson,Enterprise,ctilsonl@forbes.com,"Wolff, Jacobs and Dach",2nVXuee,flYoJiHxVz
23,Elane Connock,Business,econnockm@digg.com,Borer-Schoen,UvSxv0V7lA,pnQ1IXO
24,Poppy Rainforth,Business,prainforthn@nyu.edu,"Crona, Kuhn and Orn",cuq95h0xKkI,w6XqNRe5b
25,Briano Vannah,Enterprise,bvannaho@theglobeandmail.com,"Stiedemann, Botsford and Barrows",676URfJ4p,O6uLHc
26,Noelle Gurnee,Enterprise On-Ramp,ngurneep@mapy.cz,"Daugherty, Tillman and Wisozk",M9T8EIz0H3,lJEBET
27,Stacee Laurence,Enterprise,slaurenceq@cisco.com,Boyle Group,4BbwQDAH,xDxijj7J
28,Seana Truswell,Business,struswellr@slate.com,Bosco-Thompson,hGm3Av5DwkU,7pPAzVBzG
29,Jae Upwood,Business,jupwoods@facebook.com,"Kovacek, Davis and Deckow",P8PMo92CT,niGPnf6hd
30,Milo Lorie,Enterprise,mloriet@ycombinator.com,Rippin-Maggio,EPM3wRpJ,77NoZvjzTc94
31,Herrick Alldritt,Enterprise On-Ramp,halldrittu@e-recht24.de,"Lubowitz, Metz and Armstrong",cdszO5c,oCH7NBUUzi
32,Winny Aspinell,Enterprise On-Ramp,waspinellv@bloomberg.com,Grady-Christiansen,tF0rTT,eu5obLhTQ
33,Doyle Grigore,Developer,dgrigorew@apple.com,"Feeney, Abbott and Abshire",6gWc9wq,2yn4ADB2k3bP
34,Juieta Stables,Enterprise On-Ramp,jstablesx@scribd.com,"Larkin, Macejkovic and Kling",R0CObO,IXlr5CfqbQG
35,Tully Dullard,Business,tdullardy@mac.com,Walker Inc,L82kDx,UrsRLWxkP4
36,Ermanno Cracknell,Business,ecracknellz@psu.edu,Armstrong Inc,MznCr5J0dMKJ,AS8xv2wevVh
37,Alisha Cashmore,Business,acashmore10@constantcontact.com,Reinger-Crooks,qRvPbyCjb,jghOCDlR1dQ
38,Abbot De Ruel,Developer,ade11@delicious.com,Pouros Group,RpqPuvC,B8XbhaY8
39,Linzy Tumpane,Developer,ltumpane12@trellian.com,Williamson Inc,XEPIMFs4Fol9,EEQdJZRY4kNw
40,Mose Ridout,Business,mridout13@pen.io,"Hauck, Beier and Deckow",sfHQse,OHpmaxVLw
41,Neely Bellerby,Enterprise On-Ramp,nbellerby14@businessinsider.com,Hahn Group,zdU2GRgpUOH,qZj7oonNOpxC
42,Mariya Paramore,Business,mparamore15@stumbleupon.com,"Waters, Schumm and Jenkins",xcJGJqRi,PuckzA
43,Emmanuel Monelli,Business,emonelli16@domainmarket.com,"Schroeder, Harris and Gusikowski",Q1HtYA,uYMuePuXjFrd
44,Henderson Pennells,Business,hpennells17@phoca.cz,"Buckridge, Dach and Lockman",I9hBicR,d8cHznRJGy
45,Mervin Bramley,Enterprise On-Ramp,mbramley18@eepurl.com,Cormier-Hilpert,EPKEsnNE6,WrppnxS
46,Ingamar Presnail,Business,ipresnail19@cdbaby.com,Daugherty-Quitzon,P0pkLe4,gdWoVI7
47,Shandeigh Robet,Business,srobet1a@storify.com,Koch-Cremin,UqWtiG,i14SdwwlDJd
48,Zachery Bourgaize,Business,zbourgaize1b@t-online.de,Thiel LLC,nJusR2t,GTqxYNx
49,Teddie Jochanany,Enterprise,tjochanany1c@ucoz.ru,Ebert and Sons,puiLF6,zxDd1RFz0
50,Hilly Reddell,Enterprise On-Ramp,hreddell1d@msu.edu,Daugherty LLC,83e6RrmOG0x,8Usu9kx5OxV
51,Pauli Guiden,Enterprise,pguiden1e@issuu.com,"Hessel, Pfannerstill and Larkin",3Ypy3v,QQd0Il
52,Clarke Bente,Enterprise,cbente1f@fotki.com,Konopelski Inc,ObGEvrYUn,Z8DDkLo0io3P
53,Keriann Le land,Enterprise On-Ramp,kle1g@ocn.ne.jp,Krajcik Inc,Kbd2HHgkiGY,ga1v9h
54,Nero Ozelton,Developer,nozelton1h@cnn.com,Reinger-Ebert,vlPqleF,TLOfztzTt2
55,Nonna Cavolini,Business,ncavolini1i@nih.gov,Stark LLC,SoOU9H,4bqnDih
56,Nickie Reedshaw,Enterprise,nreedshaw1j@fc2.com,"Johns, Muller and Labadie",96LCetRz,yZbbhFLG
57,Leda Rouff,Developer,lrouff1k@bbc.co.uk,"Renner, Ullrich and Harvey",ZYlQNx,rcaQRf
58,Lauritz Coughlan,Enterprise,lcoughlan1l@apple.com,Ullrich Group,uqNgiewzP3,2JKWv6yvOIF
59,Dael Filip,Business,dfilip1m@mtv.com,Littel-Brekke,D9424mz,KM2cNJC
60,Gabriele Imlach,Enterprise,gimlach1n@china.com.cn,Casper Group,TGiV56,TWsD3Hq
61,Malissa Nice,Business,mnice1o@youku.com,Bartell and Sons,46bSCu,MaEPHP7O
62,Tyne Wycherley,Developer,twycherley1p@cpanel.net,"Schowalter, Yost and Kihn",7K0GdXz0CwM,Bef5H8
63,Kris Nelsey,Developer,knelsey1q@bandcamp.com,"Konopelski, Hudson and Russel",xESHUT24P,99FwUi
64,Gard Guarnier,Business,gguarnier1r@unblog.fr,Little-Jaskolski,Lu7UQntjtR,AiM16kQh0W
65,Cherry Forber,Enterprise On-Ramp,cforber1s@webs.com,Bruen LLC,xCpFfJw8,uFeIXDds0E
66,Kym Ritter,Developer,kritter1t@so-net.ne.jp,Schowalter-Effertz,9fVRHFXpG,BdZJVu
67,Henry Gretton,Business,hgretton1u@tripadvisor.com,"Champlin, Walker and Labadie",nceTrOhV4si,6vUYWH
68,Giacobo Van Zon,Enterprise On-Ramp,gvan1v@lycos.com,Kunde and Sons,3xUA5obvrvl,oJacOJmvPo
69,Mallissa Bachnic,Enterprise On-Ramp,mbachnic1w@sakura.ne.jp,Kovacek-Kautzer,itBaM57VdZQ,pon1OfZmNvfg
70,Judy Meuse,Enterprise On-Ramp,jmeuse1x@berkeley.edu,"Treutel, Bartoletti and Langosh",OIC7i4Ymi,fyl6dQXFp6
71,Maurine Johnys,Enterprise,mjohnys1y@narod.ru,Emmerich-Abbott,dt479UHAA2,9NPCZd
72,Arthur Brough,Developer,abrough1z@booking.com,Balistreri and Sons,j2wuV5D8,ePKee1
73,Adi Mordie,Enterprise On-Ramp,amordie20@xrea.com,Schiller-Nienow,nafYjVj,uX6b13KBYv09
74,Melantha Crysell,Developer,mcrysell21@toplist.cz,"Kiehn, Romaguera and Cassin",jw7qpECtjuY,l8tHuDMc2
75,Russell Elwell,Enterprise On-Ramp,relwell22@github.com,Heidenreich-Weimann,GXe7Bpqbw9,6x0iJstc
76,Arri Collar,Enterprise,acollar23@netlog.com,Beahan Inc,pbdcm19759,bo2ooBV
77,Tessie Cornelissen,Enterprise On-Ramp,tcornelissen24@hexun.com,Bogan Group,HgIMb9IVEbZ,ags88PDMr
78,Stoddard Haslin,Business,shaslin25@answers.com,Bergnaum-Hahn,3rfS86KIUx,syBUUn
79,Robb Barthropp,Enterprise On-Ramp,rbarthropp26@eepurl.com,"Wisoky, Schulist and Wintheiser",fgzaBwXC,MrQ21qLf
80,Desirae Rysom,Enterprise On-Ramp,drysom27@home.pl,Erdman-Stoltenberg,Q0HsBh,6v5RTw
81,Henka Georgot,Business,hgeorgot28@delicious.com,Stracke-Rice,fuKVSNqLoz5,k7jZUOxnmoX
82,Tomaso Bento,Business,tbento29@domainmarket.com,"McKenzie, Morar and Witting",QZRSC2sQME,xya0pMC8uP
83,Kayla Andreasen,Enterprise,kandreasen2a@w3.org,"Leuschke, Doyle and Witting",4dQdJ0x,nhGpM2R
84,Granger Waything,Enterprise On-Ramp,gwaything2b@instagram.com,"Emard, Satterfield and Deckow",YXNQvg9C,bs7zelhzSj
85,Erica Boate,Developer,eboate2c@omniture.com,Hammes-Green,64JnuUemE,AriaShxN6ouv
86,Michele Bosher,Enterprise On-Ramp,mbosher2d@miibeian.gov.cn,Huels-Walsh,UF9HhO,ZvnB97Yk
87,Bancroft Alexandersen,Business,balexandersen2e@unesco.org,Hessel-Kozey,gTa7gyD5l2m,wXnBqMcS
88,Mellicent Bolter,Enterprise,mbolter2f@delicious.com,Kutch-Brekke,A4HI37JvC,lapL2Dycz9mo
89,Forrester Anthes,Developer,fanthes2g@tinyurl.com,"Becker, Hermann and Cummings",C3irOh2bknms,rwaKKuW
90,Dionisio Decayette,Developer,ddecayette2h@shareasale.com,"Hessel, Stroman and Moen",Q0J62v,xmyd7AHu
91,Hewe Josefsohn,Developer,hjosefsohn2i@irs.gov,Zieme-Jacobi,FWCasqV,NCpS0EtA
92,Marlin Smithen,Business,msmithen2j@si.edu,Terry-Borer,0u8RpHVOoehU,NQ5itS97H2ay
93,Isidro McNamee,Developer,imcnamee2k@exblog.jp,"Windler, Feeney and Schiller",BuNqsjBa3,J8LiPz4Y8
94,Nowell Duke,Enterprise,nduke2l@eventbrite.com,Crona and Sons,bMANV4h,RqucfFY
95,Goran Van der Hoeven,Developer,gvan2m@gravatar.com,"Klein, Balistreri and Stanton",h3SF26n,g2HLPCDl
96,Caitlin Congreve,Developer,ccongreve2n@fc2.com,Wiza-Mertz,WFu2KPTK,xEbwY0O
97,Breena Murby,Business,bmurby2o@hao123.com,Gleason-Effertz,XSsTQE,fevoaD
98,Kathye Sutton,Business,ksutton2p@webmd.com,Powlowski Group,lsqVAji6,ksSSc6EzBn1
99,Frayda Winfield,Business,fwinfield2q@wikimedia.org,Cormier Inc,JeXzbl2,kQxjjJ
100,Kennan Robertz,Developer,krobertz2r@google.com,"D'Amore, Borer and Gorczany",PGtMnNJn3e1,WQymXBVA3
101,Gratia Carous,Enterprise On-Ramp,gcarous2s@hatena.ne.jp,"Ratke, Auer and Spencer",wceZHbAV,RPYdiu3
102,Siusan Gonthard,Developer,sgonthard2t@nymag.com,"Lemke, Osinski and Paucek",3BalVWY,KOWq42LMZQ7X
103,Yank Dullard,Enterprise On-Ramp,ydullard2u@nbcnews.com,Wilderman-Gislason,VeD2mJwOL,5SYKEs
104,Freddy Idell,Enterprise On-Ramp,fidell2v@gnu.org,Ritchie Group,a1ekXOHq,eISpmshC6Fm
105,Deloris Agiolfinger,Enterprise,dagiolfinger2w@nhs.uk,Wolf-Bailey,CTtRxEO3plB,bFZR0bPKNV13
106,Aila Bagott,Enterprise,abagott2x@tripadvisor.com,Weimann-Runolfsdottir,M12liYH7,SiQcFj3b2
107,Jennie Rosin,Developer,jrosin2y@ted.com,"Schmidt, Effertz and Maggio",oKD7v8gj,yqGQ1K
108,Daphna Mead,Developer,dmead2z@pen.io,Schneider-Huel,MXa5tQ2IY7P,KmtyX9Sa
109,Roselle Croote,Enterprise,rcroote30@jalbum.net,"Klein, Runolfsson and Homenick",ThmhXR3Pk5mS,DRBW2sEKFYh
110,Gil Croan,Enterprise On-Ramp,gcroan31@ox.ac.uk,"Swaniawski, Crona and Keebler",aZFBSAf3ZMB,QtozHfw
111,Sofia Grummitt,Developer,sgrummitt32@tmall.com,"Zulauf, Mitchell and Shields",rs3ozEinGnNu,IxDcFy7
112,Moll Hudspith,Enterprise,mhudspith33@nba.com,Tremblay Inc,CGgi2aky,twP2kIJvJiX
113,Gladi Mawne,Enterprise,gmawne34@cbslocal.com,Brakus Inc,v6POwpx,yXmVK1
114,Eleanora Roostan,Enterprise On-Ramp,eroostan35@i2i.jp,Weber-Bartoletti,x8WJTW41T0,tlFrvr24o6
115,Sarena Martinuzzi,Business,smartinuzzi36@un.org,"Ruecker, Lakin and Gerlach",AQL1JxrH,jq7xZVQ3YOP
116,Keenan Varran,Enterprise On-Ramp,kvarran37@google.co.uk,Koss Inc,NrQz1wthciS,2l7FNZ
117,Brant Strelitz,Enterprise On-Ramp,bstrelitz38@is.gd,"Lebsack, VonRueden and MacGyver",M9qSwG,Sez0zSfd8JF
118,Stephanie Ofen,Enterprise On-Ramp,sofen39@feedburner.com,"Mayer, Balistreri and Crooks",6AzbOwlu,D7IULlPmsVVe
119,Olimpia McNeilly,Enterprise On-Ramp,omcneilly3a@redcross.org,"Bins, Schamberger and Kautzer",6EpEGAnV,Sx8eGte1u
120,Abeu Toffanini,Developer,atoffanini3b@msn.com,Hauck-Barton,17vtohiey,b1eiZv
121,Perceval Mosconi,Business,pmosconi3c@goo.ne.jp,"Strosin, Blanda and Bechtelar",85JjpRK,Zynxlgf2Itn
122,Carlotta Manes,Developer,cmanes3d@alibaba.com,"Hermiston, Rosenbaum and Pfeffer",HErz50jjWhN,JAC2sdNE1ci
123,Libbey Pales,Enterprise On-Ramp,lpales3e@blogspot.com,Pollich-Krajcik,fpglPNfV4e,KPaIZgxQpN
124,Marion Jorck,Developer,mjorck3f@wikipedia.org,"Lubowitz, Witting and Torp",o3gpPzI53,hWScUZ9DMS
125,Brit Sicha,Developer,bsicha3g@techcrunch.com,Klocko-Bednar,akEFcne,5sByCZh
126,Gianina Ashton,Developer,gashton3h@ca.gov,Kreiger Inc,0kvqpynYNWcb,jdihk1c12
127,Dorthea Cullington,Developer,dcullington3i@vk.com,Rath-Green,cC9cjdP,2UZIvV3N18
128,Berty Anstiss,Enterprise,banstiss3j@livejournal.com,Daugherty-Dooley,ZzaRZQ2Tuasn,Qo4wcKLd
129,Jill Cardon,Business,jcardon3k@theguardian.com,"Welch, Altenwerth and Stokes",ZPtQF1rXdq,PZq9j0wp8
130,Leonore Hum,Developer,lhum3l@bizjournals.com,Gleason and Sons,w9OCDU,LEy9ic
131,Hermon Riccelli,Enterprise,hriccelli3m@xrea.com,Ernser Inc,7srdQkxXL,EgL1xvT3Nl6
132,Sauveur Graffham,Enterprise On-Ramp,sgraffham3n@live.com,Senger-Willms,GzflblPDGtO,ow2xv53S
133,Janene Inglis,Developer,jinglis3o@shinystat.com,Shanahan and Sons,NYiNCxmeJkz,IDqHo8
134,Elonore Rossoni,Developer,erossoni3p@wunderground.com,Effertz-Lowe,8vylLEZsDHR,lK0tepHw
135,Delmore Magovern,Developer,dmagovern3q@elpais.com,Bruen Inc,4xFidt,wWUKCclHp48r
136,Nicky O'Hearn,Enterprise,nohearn3r@ucsd.edu,"Bergnaum, Daugherty and Goldner",mymcfoeCw,FlWsBvbvh
137,Petrina Have,Enterprise,phave3s@unblog.fr,Herman and Sons,322zw3Y8w,Co7qg9
138,Alano Veelers,Enterprise On-Ramp,aveelers3t@yellowpages.com,Brakus-Connelly,Dtlyjo1SqwB,O03JoblLw
139,Georgena O'Kenny,Enterprise On-Ramp,gokenny3u@nps.gov,"Gutmann, Jenkins and Parker",H2ibB4J12Oi,01RzEd4yLj
140,Bethina Wein,Business,bwein3v@jimdo.com,"Kozey, Brekke and Bosco",OJXJp3KTi,pbMpzy0lR
141,Brooks Standingford,Business,bstandingford3w@purevolume.com,Gerlach Group,hn8MNXzOg,OKYVjwiY1
142,Theodoric Stephens,Enterprise On-Ramp,tstephens3x@si.edu,Lindgren and Sons,OVFknaahDv6,q9Kz34dHGH
143,Sanford Browne,Business,sbrowne3y@auda.org.au,Kassulke-Reichel,gslz2JYqX3,Z0dZeHOqjiT
144,Gustave Linnit,Business,glinnit3z@guardian.co.uk,"Considine, Quigley and Ferry",rO7p1wT6LQ,ODFQPH
145,Ephrayim Szymaniak,Business,eszymaniak40@pbs.org,"Smith, Howell and Tillman",wcsnMd1XXq9W,cJmyUJFp8wIT
146,Linnie Laborda,Enterprise On-Ramp,llaborda41@youku.com,Wuckert-Fay,IIYqzt7z,uw2tpctuv
147,Jonell Franken,Business,jfranken42@latimes.com,O'Hara LLC,r5Fh64aHu,evapxWjdvOs
148,Sergent Doles,Enterprise,sdoles43@cornell.edu,"Davis, Larkin and Armstrong",VvU2W0rSbJhc,vFnC5nizG1K
149,Nikolai Ruffle,Enterprise,nruffle44@netscape.com,"Torphy, Jakubowski and Wintheiser",Po9CHR,5NJqKX7pfC
150,Hilary Rhoades,Enterprise On-Ramp,hrhoades45@live.com,"Witting, Zulauf and Price",YzZ6Rrp,ugh3Lso
151,Mareah Crichley,Enterprise,mcrichley46@cloudflare.com,Carter Inc,hMLPNmF,9LLXvCUaWi0
152,Rouvin Arrow,Enterprise,rarrow47@bigcartel.com,Smitham-Effertz,ueF3hDCXLOy,w1ylvMO0LgJx
153,Shanon Nial,Business,snial48@networkadvertising.org,Streich-Legros,aUhNCWnsiY,fj7m6GBu
154,Fayth Drance,Developer,fdrance49@jiathis.com,Corkery-Auer,8gDwiq,9nNNKlvM
155,Hansiain Seamen,Developer,hseamen4a@walmart.com,Harvey LLC,jaRZ1jOe7tQ,4dT9ol
156,Kizzee Scrivens,Developer,kscrivens4b@wiley.com,Stehr Group,8nadnEP7wKc,Y3x0S0
157,Sophey Hartegan,Enterprise On-Ramp,shartegan4c@google.ru,Bogan-Moore,65e4He,VNir2vfN
158,Kirbee Hirsthouse,Developer,khirsthouse4d@sfgate.com,Bradtke-Kessler,2b72fUj,ZMxXJJ65
159,Dalia Jammet,Enterprise,djammet4e@google.ru,"Blick, Purdy and McClure",zXLuYqkfs8G,R3fSKQIRXm
160,Bogey Honig,Enterprise On-Ramp,bhonig4f@artisteer.com,"Kreiger, Glover and Pacocha",lTELWKv2p,MLZk6lWc9hw
161,Marya Lawlan,Enterprise,mlawlan4g@gizmodo.com,"Yost, Heller and Strosin",zpRxYGWH,oXV1Lqaw
162,Nevile Allebone,Developer,nallebone4h@answers.com,Lowe-Bernhard,oPwIknYWO,1DvLwO2J7e3
163,Web Reide,Business,wreide4i@storify.com,Funk-Jaskolski,1w0c9gJUyaL,gZQdvjfcet6B
164,Wilbert Otham,Enterprise On-Ramp,wotham4j@reuters.com,Wyman-O'Reilly,im9cY54q,OmqgpT
165,Keriann Heistermann,Enterprise,kheistermann4k@deviantart.com,Fahey-King,lA8AdyjqeGt,bGF5mXUHvLG
166,Blondell Poplee,Enterprise,bpoplee4l@marketwatch.com,"Rolfson, Feest and Dach",hsMDKLjGY9hZ,X4QaDO4hlWm
167,Bride Brombell,Enterprise,bbrombell4m@naver.com,"Conn, Mitchell and Reynolds",jH2EtO,TFBVFxLCwhY5
168,Joycelin Baptist,Enterprise,jbaptist4n@salon.com,Grady-Kozey,P19hoPcJ2mJb,PDMimbY
169,Kassia Mettericke,Business,kmettericke4o@auda.org.au,Pfannerstill-Boyle,dTjv6xmmv0W,jlttthF5A
170,Dev Cleevely,Enterprise On-Ramp,dcleevely4p@com.com,Rodriguez LLC,uoaYnCpC,ChzqYoJ
171,Barbee Hathaway,Business,bhathaway4q@vimeo.com,Abernathy-Morar,B2XBOHcofd,VBCKbZ
172,Hartwell Shevlane,Enterprise On-Ramp,hshevlane4r@oakley.com,Jerde-Wolff,JV7wuf378,Ta5SlfpZEE
173,Homere Arntzen,Enterprise On-Ramp,harntzen4s@netscape.com,"Zulauf, Swift and Walker",RKP8YxAF,UoCO0LveRCf1
174,Bennett Hay,Enterprise On-Ramp,bhay4t@skype.com,Frami Group,jp44geMYLCSr,9MXfudkYd
175,Stephen Lente,Developer,slente4u@people.com.cn,Willms Group,AfIvbv,OD1E33
176,Rockie Thompstone,Enterprise,rthompstone4v@moonfruit.com,"Crona, Kovacek and Glover",2prbxs,nCggwx7sR
177,Marquita Kiltie,Developer,mkiltie4w@youtube.com,"Schmitt, Halvorson and Osinski",X7s2epKw5Jj,GlrSa9VQq3hR
178,Glennie Bernuzzi,Developer,gbernuzzi4x@google.pl,Bernhard-Ullrich,cC8XhKUXkc,ZGDkO3t5CCs
179,Lovell McIlveen,Enterprise,lmcilveen4y@cpanel.net,Bernhard Inc,0QpvH1it2uL,Y1NNvWRgC
180,Wilek Snoding,Enterprise,wsnoding4z@mit.edu,Bayer-Bergstrom,PPtSoD,aJzDpVx
181,Dorelle Courvert,Enterprise,dcourvert50@auda.org.au,"Kunde, Rodriguez and Kiehn",NOijRpy,IaIXAoIFC
182,Gabriel Hanhard,Enterprise On-Ramp,ghanhard51@slideshare.net,"Steuber, Turcotte and Reichert",ySSfJGKDzET,qP5UEVgvmGSU
183,Janie Tomson,Business,jtomson52@diigo.com,"Runte, Donnelly and Walter",F9bUdWOdkGqX,Gh86cT8WsRVI
184,Heindrick Keough,Business,hkeough53@redcross.org,"Dickinson, Fadel and Kertzmann",GBnZSs,0Kpc1qqyvMa
185,Nancie Lyosik,Business,nlyosik54@baidu.com,"Fay, Schroeder and Romaguera",roXYAwWTQ6k,GuC6tk
186,Chiarra Cox,Enterprise,ccox55@chronoengine.com,Murphy-Parisian,AxANFT8vpkx,fywL5G
187,Borg Norris,Developer,bnorris56@scribd.com,"Turcotte, Monahan and Ratke",fuf3wj,PcMsZFVmVQYN
188,Alexandr Watson,Business,awatson57@oracle.com,"Ortiz, Ebert and Hane",laHWPSG,h9qhYEgCf
189,Artemus Lattin,Developer,alattin58@nifty.com,Wuckert LLC,SnISKz,Ub5Mfz2GLer
190,Min Haythornthwaite,Business,mhaythornthwaite59@whitehouse.gov,Kassulke Inc,Oq34c8,9RhNvFk
191,Vickie Hayward,Enterprise On-Ramp,vhayward5a@go.com,"Towne, Schumm and Lebsack",vuuJoG4,HlqpNYBz
192,Rora Byk,Business,rbyk5b@techcrunch.com,Little-Turner,uwacqiKY,KavUWtCG7
193,Prince Haxby,Enterprise,phaxby5c@chronoengine.com,"Weissnat, Marks and Rempel",jQYLIlnjVa,0hvEcozb
194,Carline Riccard,Business,criccard5d@unblog.fr,Weimann-Labadie,IMboQBpgiJ,Ly52zGg6
195,Jennette Mattingson,Developer,jmattingson5e@de.vu,Boehm and Sons,MnjGD54yNk,9hFP5s
196,Jelene Kenwood,Enterprise On-Ramp,jkenwood5f@ezinearticles.com,"Lind, Beer and Medhurst",QRViyp3687,ZlgQsD6g
197,Danice Seers,Developer,dseers5g@ed.gov,Zieme-Renner,1H0zZbrTYAq,XpSn9mfrlmB
198,Morse Stanney,Business,mstanney5h@bloomberg.com,"Kuhn, Hoeger and Tromp",P7UV1p4m7,l1eZpKq
199,Edin Cresser,Enterprise On-Ramp,ecresser5i@discuz.net,"Harber, Barton and Ferry",mdpu71bMXjp,hrzYjpKrDss
200,Delcine Smees,Enterprise On-Ramp,dsmees5j@printfriendly.com,Kautzer-Kerluke,u4BVOy,faBlIETjwY
201,Maritsa Collomosse,Enterprise,mcollomosse5k@unc.edu,"O'Kon, Reinger and Mayert",Rn85WljjsB,XtujDG5g
202,Jeane Dutch,Enterprise,jdutch5l@miibeian.gov.cn,"Kerluke, Witting and White",gl0AfP9Cs,E2eqBN
203,Brandyn Pickavant,Developer,bpickavant5m@sohu.com,"Steuber, West and Schroeder",iULPQbR,GzBkbxzYQHP
204,Ginnie Roantree,Enterprise,groantree5n@list-manage.com,Wolff LLC,qBfy9S,EVP4Msqwt
205,Stephine Dreschler,Enterprise On-Ramp,sdreschler5o@google.com,Funk-Ledner,KKcjwdU,WiUyi7F
206,Putnam Zamudio,Business,pzamudio5p@imdb.com,Bartoletti and Sons,dIWbHYu3,okjGJm
207,Claretta Pikett,Developer,cpikett5q@auda.org.au,Carter-Gutmann,ADR6Wuxp2PIi,BBJoRV
208,Angus Meharry,Developer,ameharry5r@edublogs.org,"Kirlin, Sporer and Hilll",PjTcjfolCDrG,Vf9cKyo0p
209,Kelsi Kubica,Developer,kkubica5s@163.com,"Terry, O'Connell and Auer",wgHgJ7kY,cMdYt96BOSnk
210,Gaylor McGillivray,Developer,gmcgillivray5t@reverbnation.com,Spinka LLC,3HSiXEE,T2M6Ycw5gFd
211,Tori MacGiany,Developer,tmacgiany5u@hugedomains.com,Barrows-Lynch,RSsncV,vIoelBr
212,Alwyn Axel,Business,aaxel5v@wikia.com,Thompson LLC,zI0XVv6w9Qhg,8fuEhstYtX
213,Eldridge Collier,Enterprise On-Ramp,ecollier5w@weather.com,"Bruen, Beer and Considine",Ns9duB0uvhla,WSIpeen
214,Vittoria Filppetti,Enterprise,vfilppetti5x@patch.com,"Douglas, Kirlin and Nolan",L1SL1WkENXva,9BNtfgn
215,Rodolph Kliemchen,Enterprise On-Ramp,rkliemchen5y@delicious.com,"Gusikowski, Witting and Simonis",Bv83Vlh9p,cRGDS7
216,Pippo Bernadzki,Enterprise,pbernadzki5z@smh.com.au,Lockman Inc,tamRMF,L10Tnq7ftWk
217,Cesar Polendine,Enterprise On-Ramp,cpolendine60@last.fm,"Miller, Hettinger and Carter",6e5WyWnq,Lslwy09xGS6
218,Aylmar Kenninghan,Enterprise,akenninghan61@quantcast.com,"Dickinson, Hettinger and Ebert",3V241cK,mEFtfh
219,Denyse Dingley,Business,ddingley62@t.co,Dicki-Shields,HRIZYtU,GJNhQimz0ZY
220,Rene Mingay,Business,rmingay63@weebly.com,"Dickinson, Reynolds and Stokes",p6byG3o2a,j2M262C919
221,Sabine Gheorghe,Developer,sgheorghe64@acquirethisname.com,"Boyle, Gleason and Mohr",ZNxjD9LajIUy,IEJ51PkBV
222,Innis Cornillot,Developer,icornillot65@devhub.com,Gulgowski-Abbott,Vm6yl4RimGjO,JprXh6C
223,Liane Ganders,Enterprise On-Ramp,lganders66@springer.com,"Langworth, Hermiston and Lubowitz",U3mqE3M,TBisgrw
224,Bea Proughten,Enterprise On-Ramp,bproughten67@weebly.com,Runolfsdottir-Denesik,QmUqN5KC,HJNWBKSqY7R
225,Trevar Harnetty,Enterprise On-Ramp,tharnetty68@addtoany.com,Flatley LLC,HoKzs1BlE,1wwRY9yhFuLl
226,Toni Showell,Developer,tshowell69@ameblo.jp,Farrell-Erdman,P0giaQaA,Pm5Inv
227,Jacinthe Le Prevost,Developer,jle6a@linkedin.com,Pouros-Kemmer,5l00rd,eMJlPOa0E4
228,Ludovika Stigger,Developer,lstigger6b@vkontakte.ru,"Smitham, Schuppe and Anderson",fCSixKzfyL,4wtcosO2
229,Bernette Charteris,Enterprise,bcharteris6c@guardian.co.uk,Beatty Inc,ihgGNSHJYtps,zxBjydJrDy7V
230,Katina Machel,Enterprise On-Ramp,kmachel6d@jimdo.com,Parisian LLC,PtCDnu,uMWMIgsxQ
231,Dill Matoshin,Business,dmatoshin6e@livejournal.com,Emmerich-Morissette,vCs1gK,pxWcXXXFHQ
232,Bertie Bechley,Business,bbechley6f@webnode.com,Farrell-O'Connell,OyhMi2AqPl,tHQxTLbh
233,Eran Gwinnett,Developer,egwinnett6g@jimdo.com,"Barton, Barton and Kuhn",3Ntr3XNGOe,W9VII8DX
234,Kristoforo John,Business,kjohn6h@businesswire.com,"Collins, Connelly and Daniel",QzOJiQ,BfnuYrXd
235,Anatola Gadsdon,Enterprise,agadsdon6i@discuz.net,Witting LLC,nybsRP,XNUpoDw
236,Corny Postlewhite,Enterprise,cpostlewhite6j@facebook.com,Gislason and Sons,b04XvuOVWQi,2rP4jL87xo
237,Mervin Cutajar,Business,mcutajar6k@mashable.com,"Swaniawski, Ward and Wiegand",NtwPLExaRF,jQz9PVs14H
238,Brandy Issett,Enterprise On-Ramp,bissett6l@ebay.com,Sporer-Schoen,wr9YPzMH0Fwb,0uQdoq0Z9
239,Nels Frango,Enterprise,nfrango6m@webeden.co.uk,Thompson-Rolfson,ZeJDSGw,Kwo9xLJ
240,Tuesday Spurriar,Developer,tspurriar6n@patch.com,Stroman and Sons,VIx59m6D0vh,pEFs86OLa7y
241,Rozanne Cattell,Business,rcattell6o@issuu.com,Mitchell Group,t8XGpIjVP,p33aP0e1C
242,Vinson Duigan,Business,vduigan6p@shop-pro.jp,Fadel and Sons,LK9vr4,jpU1LSYkjUk
243,Bev Higgen,Developer,bhiggen6q@cisco.com,Pouros-Lockman,1JjUyHzp5,K5RYCLKe
244,Beauregard Antat,Enterprise,bantat6r@pagesperso-orange.fr,Upton-Hansen,XXbIWUFX6h,Ay2JTa
245,Rube Kagan,Business,rkagan6s@cnn.com,Moore-O'Kon,DQfuwIzf28,3U2EoXzk
246,Izzy O'Doran,Enterprise,iodoran6t@cpanel.net,"Abbott, McCullough and Fritsch",7SBF53wgpF,Xgsdqcp
247,Noelyn Harriagn,Developer,nharriagn6u@nytimes.com,Christiansen-Hodkiewicz,zc1d9Y4vuV,XMsidRR
248,Grissel Brandsen,Developer,gbrandsen6v@webs.com,"Hoppe, Leffler and Klein",fjgaFelbaAm,qUdnf0LX
249,Sax Scripps,Developer,sscripps6w@dropbox.com,"McKenzie, Herzog and Kiehn",xjv5Vk,HJELrwTlCC
250,Gray Ganiclef,Business,gganiclef6x@theguardian.com,Halvorson Group,a4Y183wA8N,1KnaYU
251,Sky Wildber,Business,swildber6y@google.co.uk,"Ortiz, Wuckert and Kuhn",XipFiDR,q5haciX4xO
252,Alta Bouldstridge,Enterprise On-Ramp,abouldstridge6z@narod.ru,Goodwin-Hills,n8Uryb,wbS31sHz3Dc
253,Griff Berisford,Business,gberisford70@berkeley.edu,Goldner Group,6xLMZL,oeJcEsnMj
254,Amelina Darlison,Enterprise,adarlison71@issuu.com,"Hermiston, Pollich and Robel",kgFudnl7e54,2JjC9LZOn
255,Aarika Fost,Enterprise,afost72@aboutads.info,Bednar LLC,7hZUmU5,Rrf57G6F3w9
256,Berny Hiley,Business,bhiley73@infoseek.co.jp,Towne-Fadel,TN9153,QZjtKN
257,Terencio Mapledorum,Business,tmapledorum74@networksolutions.com,McGlynn LLC,SnekSy,i2onsa8Jj
258,Christy Paradin,Enterprise,cparadin75@lulu.com,Bernhard LLC,iTX2c6,8xrWPoEIQ8PF
259,Tedman Vasenin,Enterprise On-Ramp,tvasenin76@mapquest.com,Hilpert LLC,92E0TrSB,3imgJam9B6
260,Keelby Lob,Enterprise On-Ramp,klob77@mediafire.com,Botsford-Berge,bKmptJV30a,hiiWPyPI
261,Libbi Jarrad,Enterprise,ljarrad78@bloglines.com,"Batz, Graham and Hahn",GCM9AXJFH,egI6p3G
262,Fletcher Choke,Business,fchoke79@reference.com,Murazik Inc,F5H5S4gAQm,LHrZxEs9uREW
263,Evaleen Ramberg,Enterprise,eramberg7a@cafepress.com,"Wilderman, Watsica and Dach",oJyBWyaXYYt,FCIoygf7ET
264,Deana Ickovici,Enterprise On-Ramp,dickovici7b@google.it,Daniel Inc,l2N1OcORFmn8,aSlHfS8
265,Danya Kilfeder,Enterprise,dkilfeder7c@hhs.gov,Bartoletti LLC,IpLqozQ,U9UMsoHuzUtN
266,Aube Pretti,Business,apretti7d@godaddy.com,Deckow Group,6Uz7mGB,z1k5vNttMkHj
267,Jannel Monkhouse,Business,jmonkhouse7e@lycos.com,Labadie-Ledner,Dp03clNn,3XcUunEQbdWA
268,Chev Ottam,Enterprise,cottam7f@opera.com,Cummerata-Harris,m6n4bFj03YyG,gTty0sNW
269,Byrom Laslett,Business,blaslett7g@aol.com,Hahn-Bauch,IJkRTQ62v,7TWRZvFQpYth
270,Abba Marty,Enterprise,amarty7h@exblog.jp,Luettgen-Blanda,pHwxp0UBAB1,7ch8OCoqq
271,Caddric Bold,Enterprise,cbold7i@ted.com,"Halvorson, Daugherty and DuBuque",adRzcE,OxG8iYjTgSzY
272,Allen Fowler,Enterprise,afowler7j@craigslist.org,"Gorczany, Dickinson and Balistreri",2ou4t8DqtFik,9ePweb
273,Ceciley Aindrais,Business,caindrais7k@chronoengine.com,"Quitzon, Hintz and Raynor",weXzyVxO,Tm8dISBb
274,Allayne L' Estrange,Developer,al7l@reverbnation.com,Schowalter-Kuhic,9NPtsfPje,KUoi6VT
275,Holly Tapscott,Developer,htapscott7m@friendfeed.com,"Harber, Padberg and Kulas",y5usbD,2yA54X5sUs
276,Abrahan Dymocke,Developer,adymocke7n@harvard.edu,McDermott-Konopelski,Q10sEx,b9TfqOu3Su
277,Amabel Hasluck,Enterprise,ahasluck7o@xrea.com,Lebsack-Koss,E5CCtq,Whud4lCT5unz
278,Milty Wickie,Business,mwickie7p@vimeo.com,"Mueller, Barton and Reilly",MBT05drdm,o7IF5lyLtlM
279,Dari Muldoon,Enterprise,dmuldoon7q@xing.com,"Breitenberg, Von and Cronin",bHkA7jE,FHJaUd
280,Andreas Meininger,Business,ameininger7r@csmonitor.com,Auer-Hodkiewicz,vz9TjvFUr4a,JlNf9z4b3Tn
281,Hale Craighill,Business,hcraighill7s@yellowpages.com,"Wiegand, Paucek and Nikolaus",yCisT3r1rG,QN1sXhlwu
282,Hamid Ostrich,Developer,hostrich7t@wix.com,"MacGyver, Hermann and Cassin",q9HFu3NefhwN,whc7vsBlIAmm
283,Neill Wormleighton,Enterprise,nwormleighton7u@fc2.com,"Kohler, Vandervort and Pfannerstill",3H3SK3if5G4,ZOfXvAvU1
284,Patrice Wandrich,Business,pwandrich7v@salon.com,"Hagenes, McClure and Pouros",JMgXds,CCauMKuS4Qwx
285,Claudina Renak,Enterprise On-Ramp,crenak7w@marketwatch.com,"Murphy, Hartmann and Ratke",SqDxnqJvpA,5u8zjWVm7
286,Pavlov O'Scanlon,Developer,poscanlon7x@desdev.cn,Kohler-White,p0z5BzIxM,O43uBwmSaIK1
287,Valentijn Hughill,Business,vhughill7y@unc.edu,Howell-Gleason,Usbhx6M6,L2aTcDfTTP
288,Sib Burges,Business,sburges7z@oaic.gov.au,Daniel-Predovic,D571yk,SIVFGWoGPs
289,Callida MacNish,Business,cmacnish80@nps.gov,Bins Group,Ih6hqVz,2qPmVqkR
290,Mead Orcott,Enterprise,morcott81@spiegel.de,Fay-Quitzon,3RVzEhR,LpO2MXn
291,Chrystal Tanser,Business,ctanser82@goo.ne.jp,"Rohan, Steuber and Lubowitz",vxCOdqU,P5JeQYgN1
292,Lorrie D'Aeth,Developer,ldaeth83@studiopress.com,Kozey-Jones,jb4MT4Ni8p0F,2AhN4KCdNl
293,Emmey Byre,Enterprise,ebyre84@salon.com,Lesch-Bradtke,yjNPWbO,0qqrddLyvkCw
294,Killian Hearty,Business,khearty85@wikipedia.org,Howe and Sons,5uTbyJsI,VAm3YPO0
295,Ruby Ferenczi,Business,rferenczi86@nhs.uk,Yost and Sons,Ncn0AjZj42c,eIakoRwb
296,Cesar Dreger,Enterprise On-Ramp,cdreger87@mozilla.org,Roberts-Olson,OO0q2nxPeKAi,WmwQEGl
297,Skell Pughsley,Business,spughsley88@geocities.jp,Heaney-Halvorson,SdPOHQekXXWO,AvvTjeeaDc
298,Willabella Laborde,Developer,wlaborde89@dell.com,"Marvin, Nicolas and Mohr",wW4piY,fgTbKHW8y8im
299,Rora Wigfield,Enterprise,rwigfield8a@multiply.com,Herman-Kris,pZ06db4Ac,wmUbK4YlEfC5
300,Karlie Phillipps,Enterprise,kphillipps8b@ucoz.ru,Cummings-Rodriguez,zH5Kxmg6Vt,WbrYEEWhfwY
301,Kirsti Lashbrook,Enterprise,klashbrook8c@etsy.com,Hansen-Rice,6Bdk5H,e8kcW9
302,Chiquia Paxman,Developer,cpaxman8d@tripadvisor.com,Barton-Hammes,1otdxczc,T0CLiEY6LYb
303,Livvy Markey,Enterprise,lmarkey8e@timesonline.co.uk,Huel Group,WbeEKBw1pFA,JqcZtpdGKN
304,Tera McLise,Enterprise,tmclise8f@goodreads.com,Parker-Turner,2pSaod1F0y,qYboLq
305,Cosmo Cull,Enterprise,ccull8g@washington.edu,Cremin Group,gzMXUpjZ8DQE,s5pISTR
306,Julia Jindrak,Developer,jjindrak8h@csmonitor.com,Lesch and Sons,MALFvI,onFpRIe
307,Kinsley Fairfoul,Enterprise,kfairfoul8i@123-reg.co.uk,"O'Keefe, O'Reilly and Yundt",WjjxyP5H,Ll11IWtb
308,Leonie Dewey,Developer,ldewey8j@intel.com,"Wisoky, McDermott and Fadel",KgElVySfT,O3nJh4njZifY
309,Winnifred Everley,Developer,weverley8k@nsw.gov.au,"Schneider, Monahan and Stroman",BqTlRVRQiOx,EFkIvRvi1qn
310,Dukey Babbe,Developer,dbabbe8l@hp.com,"Turner, Parisian and Schroeder",c81AbIy8a,GdfC3AA
311,Geordie Bandt,Developer,gbandt8m@unblog.fr,Paucek Inc,oBhjcTI,dg0IOv0ttRsP
312,Antonino Horlock,Business,ahorlock8n@accuweather.com,"Borer, Mohr and Daugherty",egRDZyX2Nk1u,tFeiwaG38EX
313,Carr Pallin,Developer,cpallin8o@discuz.net,Hamill-Rath,j8EvytY,eeGF6zV
314,Cassi Honnicott,Enterprise,chonnicott8p@bigcartel.com,"Beier, Stokes and Connelly",AfpV9mAGU,x254niCn
315,Doralynne Yusupov,Developer,dyusupov8q@economist.com,"Little, Douglas and Witting",4RyMrPm,4dJzCIMO5N
316,Marney Lewis,Enterprise On-Ramp,mlewis8r@newyorker.com,Bednar and Sons,4apA06,825POwrHJ
317,Teddy Farleigh,Enterprise,tfarleigh8s@accuweather.com,Sanford-Feeney,wBkabcKG7cu,POb9C2E3mpco
318,Helenelizabeth Spileman,Developer,hspileman8t@furl.net,Braun Inc,nJWym1,LsYwGaKN9x
319,Orly Essex,Business,oessex8u@parallels.com,Thiel-Carroll,dGFyFsKWXXL,zqMMvCr
320,Adorne Candlish,Developer,acandlish8v@bluehost.com,Morar Inc,jAGhhGlfO8t,C6EeQkh582Y
321,Madella Tigwell,Developer,mtigwell8w@yolasite.com,"Sipes, Marvin and Hoeger",QyzZEUU,FdQrkFNBE7
322,Francoise Spencock,Developer,fspencock8x@marriott.com,"O'Connell, Reinger and Trantow",Ynr0Yxx6B,RZUhlN3TRV
323,Sabra Georgeau,Developer,sgeorgeau8y@harvard.edu,Kertzmann-Blick,2UO8iNax,MFVJWKyW
324,Timmy Scourgie,Enterprise On-Ramp,tscourgie8z@geocities.com,Runolfsson Group,4Vg460Rvx,16vUhHA2
325,Zsazsa Ledwich,Enterprise On-Ramp,zledwich90@sohu.com,Cartwright Group,xpWZ7DB,RMSc1n
326,Teddy Ewbanche,Business,tewbanche91@wordpress.org,"Nienow, Macejkovic and Hamill",r2hYDYod7y,m0yzenL
327,Nina Dach,Enterprise,ndach92@yelp.com,Lemke-Turcotte,sRnDoSw5fg,pVdDpR
328,Muffin Lead,Developer,mlead93@foxnews.com,"Miller, Bode and Marvin",jNI3Aw,zuXUgij
329,Judon Sawday,Enterprise,jsawday94@cdc.gov,Beier-Quitzon,LA4E3q,zLRXt8i6
330,Conchita Gander,Enterprise On-Ramp,cgander95@samsung.com,"Thiel, Reynolds and Johnston",S96Mq5sCheNV,oHNRiD
331,Fonz O'Hone,Enterprise,fohone96@bizjournals.com,Weber and Sons,6R7BRFMX7,fscCBWR
332,Juline Wakeham,Enterprise,jwakeham97@whitehouse.gov,Watsica LLC,SO7xpouZl2p,zqoinjkU1
333,Edin Salery,Business,esalery98@gravatar.com,Metz Inc,7xiSooLQzO,DTl2Ala34B
334,Cristal Blakemore,Enterprise,cblakemore99@t-online.de,"Bruen, Wuckert and Jacobi",900C9eJlewE,NDKXbWU2N
335,Kain Bickford,Developer,kbickford9a@boston.com,"Gorczany, Marquardt and Ondricka",PEDnfS,MGBziOplLm
336,Bradford Gehringer,Enterprise On-Ramp,bgehringer9b@icq.com,Mueller-Stark,kcPjTr9bt,C8Qxvil
337,Welbie Salsbury,Enterprise On-Ramp,wsalsbury9c@list-manage.com,Larson-Schinner,mchwnMp86,bNHqstNDRZP
338,Abram Trevna,Developer,atrevna9d@technorati.com,Ortiz and Sons,pBDBT1KM,uXFPZqXB
339,Robinette Cluley,Developer,rcluley9e@merriam-webster.com,Parisian Inc,VonhRLU9sV,JYojEQVdF7
340,Mikkel Bedinham,Enterprise On-Ramp,mbedinham9f@4shared.com,"Rowe, Runolfsson and Hegmann",ddHJvnj8,CGGRwM
341,Kele Izkovici,Developer,kizkovici9g@studiopress.com,Quigley-Altenwerth,z9Q7TLjxJ8GS,Aqdg5Tu
342,Anastasia Fuke,Enterprise On-Ramp,afuke9h@gmpg.org,Fay-Volkman,5vvyXkMzsw7,eg3tDZAJG69R
343,Sigismondo Cubbini,Developer,scubbini9i@ucla.edu,Wunsch-Roob,4glpz2s,ZQDW1nQoOaTQ
344,Brade Suttill,Developer,bsuttill9j@vkontakte.ru,"Reichert, Raynor and Osinski",j3HW05,IYIEmW
345,Aldis Gibben,Business,agibben9k@howstuffworks.com,Simonis-D'Amore,KHG1RHxO8J,pmcrE2Aj6
346,Alexei Prestner,Business,aprestner9l@tinyurl.com,Bruen-Leffler,RhKjfS,PphouHp
347,Mirabelle Jewer,Enterprise On-Ramp,mjewer9m@cisco.com,"Nolan, Balistreri and Mraz",qK3cdo8PwhiQ,huPS3qOFoDJd
348,Far Warlawe,Business,fwarlawe9n@oaic.gov.au,"Bergstrom, Kertzmann and Kerluke",zBRc8r,zeLnHNwvE9O
349,Fitzgerald Colhoun,Enterprise,fcolhoun9o@bloglines.com,Gislason Group,XUDcJdUz,8NJKnbd42s
350,Ellen Drury,Enterprise On-Ramp,edrury9p@weather.com,Runte Group,arG8sJSgBiA,0xXyTD
351,Letisha Lawson,Business,llawson9q@hubpages.com,"Luettgen, Von and Bergstrom",aHbJotgVNf,qhFF4oNJEB
352,Kincaid Matushevich,Enterprise,kmatushevich9r@oakley.com,O'Hara LLC,iJg1LkBKpxHC,oAeVwLnYA
353,Netta Nelthrop,Business,nnelthrop9s@java.com,Casper LLC,4dcMX5,KTSk9P
354,Corbie Freestone,Enterprise On-Ramp,cfreestone9t@jugem.jp,"Kunde, Predovic and Harber",a3m1XNd1,0VIPQUymLLIO
355,Evan Britnell,Developer,ebritnell9u@umn.edu,"Marquardt, Altenwerth and Predovic",SaJexw9C0jRv,ADRIdGbYD0du
356,Dari Dombrell,Enterprise,ddombrell9v@yahoo.co.jp,Morissette-Nader,qugvcOmh5O,b7nY9k8iKUuH
357,Abe Garey,Developer,agarey9w@google.nl,Macejkovic and Sons,SS4F2nBQRQB,4M288ZCiHci0
358,Carson Trenchard,Business,ctrenchard9x@qq.com,Grady and Sons,t9bCdSSrBk7,JR9fBvwy
359,Riki Yanele,Enterprise On-Ramp,ryanele9y@washingtonpost.com,Schaden Inc,LOHqxno,5HcHEIAh
360,Helsa Setch,Developer,hsetch9z@princeton.edu,Schamberger LLC,AvWZgpbLxy2,1eDqGZ
361,Tremayne Mulliner,Enterprise,tmullinera0@furl.net,"Ebert, Blanda and Stracke",BxGrX2l,bp9sRqFrm
362,Vail Dignon,Enterprise,vdignona1@com.com,Sporer Group,E9AjUE,3p2fgVPj
363,Farlee Straughan,Business,fstraughana2@businesswire.com,Little and Sons,aTYD2QDZXpJB,OoripsFAI
364,Con Schlag,Developer,cschlaga3@domainmarket.com,Tremblay-Hamill,P4y7tplC0,aYYIWDud8
365,Reginauld Gawthorp,Developer,rgawthorpa4@prweb.com,"Smitham, Rosenbaum and Reynolds",IkYPZtsEat,J70skUeS
366,Winny Marklow,Enterprise On-Ramp,wmarklowa5@studiopress.com,Russel-Donnelly,yVXmkub,tf1fesKa
367,Manny Coleshill,Enterprise,mcoleshilla6@noaa.gov,"Ziemann, Gaylord and Windler",poTnQpIsFSlY,rLaGVZ
368,Efren Cathenod,Developer,ecathenoda7@geocities.com,Frami Inc,JL0d3T,BSs7fmJZpsF
369,Ad Weddup,Enterprise On-Ramp,aweddupa8@prnewswire.com,McClure-Dietrich,vfMQhCQKLdh,yMAVLzRyUnQ2
370,Catlin Yakunikov,Enterprise On-Ramp,cyakunikova9@ycombinator.com,"Wunsch, Wisoky and Runolfsdottir",U06iNlFN,6T3RwlX
371,Jeane Mixture,Developer,jmixtureaa@chicagotribune.com,Rowe Group,JcrkH3lSdr,ygCnCQ
372,Rosabel O'Nions,Developer,ronionsab@edublogs.org,Cummerata-Bogisich,ojZj0WzU,wzp4necTEs
373,Gilburt Rickets,Business,gricketsac@weebly.com,"Harvey, Marquardt and Bailey",NzqAWvWPk,iy5blD
374,Emmit Foston,Enterprise,efostonad@freewebs.com,Kutch-Kozey,EsScsdLFZO,oxnqpk
375,Pearl Kennady,Developer,pkennadyae@washington.edu,Bins Group,If1Otftut,9yLpciJVe
376,Marieann Leach,Business,mleachaf@tamu.edu,"Abbott, Herman and Walter",fFwwYxo4H,qdLCLW
377,Virgil Mattingson,Enterprise On-Ramp,vmattingsonag@cocolog-nifty.com,"Okuneva, Wuckert and Emard",3VVoCGuel,nUAbyvNkY
378,Gabriela Harrad,Developer,gharradah@rediff.com,Turcotte-Sporer,XddPuMjUE8q,f4fHzLhSUYD
379,Anstice Allain,Enterprise On-Ramp,aallainai@is.gd,"Hodkiewicz, Schaefer and Goodwin",3L53iggL,MU11O0qd
380,Joshua Swinley,Business,jswinleyaj@un.org,"Cummerata, Waters and Rowe",D41GvnHr7T3p,w49PZr65H
381,Madison Mayo,Business,mmayoak@yale.edu,Purdy-Ebert,ZeZ3Xq0Qmf,OvPcvj
382,Cordy Mannin,Developer,cmanninal@friendfeed.com,"Mayert, Reichel and Mayert",ON0I9azV,nqIq1xGirI
383,Boy Lamplough,Enterprise On-Ramp,blamplougham@nature.com,"Cronin, Rogahn and Hessel",9FojZ8Q,xFV7VFhxiN5X
384,Nobie Morrid,Enterprise On-Ramp,nmorridan@msu.edu,Koch Group,uJgUxnh,xrCthKJ4ElO
385,Helli Guidini,Enterprise,hguidiniao@a8.net,Rempel and Sons,XZzJg731Dd,BXiKQWfdxZg
386,Tessa Degoey,Business,tdegoeyap@qq.com,"Runolfsson, Swaniawski and Heathcote",qWWeIf,cFn7WP4
387,Patrice Pucknell,Enterprise On-Ramp,ppucknellaq@techcrunch.com,"Greenholt, Wilderman and Turcotte",G4xkb1tKxt,X8fUMxdEj
388,Erny Brownscombe,Enterprise,ebrownscombear@desdev.cn,Fay-Denesik,Vc2Ykch3AwM,Xfaodq
389,Patrick Daice,Enterprise On-Ramp,pdaiceas@acquirethisname.com,Runolfsson and Sons,2dSHtO5K,epnxrno209e
390,Gordon Pentelow,Developer,gpentelowat@shinystat.com,"Olson, Quigley and Zieme",OUMreERDK3G,a72BZDmiAp
391,Tory Pressman,Business,tpressmanau@theguardian.com,Wilderman-Leffler,3wP06w5Nfbp,bAbHvRw
392,Sheffie Coltan,Enterprise,scoltanav@flickr.com,Terry-Blick,Z4n8JupxMZT,jcZg5w
393,Cortney Edlestone,Business,cedlestoneaw@stumbleupon.com,Kuhn and Sons,vsvNl64YxV4q,11geN59D
394,Steffane Nottle,Business,snottleax@jigsy.com,"Fay, Mraz and Williamson",PwNJQMoZrF,1yrcwEGP8fI2
395,Cesya McGorman,Business,cmcgormanay@newsvine.com,Beahan-Huels,jYX1dQyw,txP1hj6D
396,Aloisia Jolliss,Enterprise On-Ramp,ajollissaz@friendfeed.com,"Parisian, Cummerata and Gibson",PXXLe4zaFHw,z8h1kYT0
397,Alexa Jarmaine,Enterprise On-Ramp,ajarmaineb0@xrea.com,Rosenbaum LLC,o5AR2uaD0,GVbmw0
398,Tamar Lapley,Enterprise On-Ramp,tlapleyb1@rakuten.co.jp,Ward-Turcotte,Nlj6NHb,6mUevCCj
399,Perice Essame,Enterprise On-Ramp,pessameb2@imageshack.us,"Stamm, Daugherty and VonRueden",r4lBxQyuqb,ncotG66Rnr
400,Carolin Quartermaine,Enterprise,cquartermaineb3@arstechnica.com,Windler-Lindgren,zzIki0nk,QBTKhJ0r
401,Crin Rodda,Developer,croddab4@sciencedaily.com,"Davis, Kunde and Raynor",cxvMYs0uZ0,euH0WfnLnx
402,Emilia Coger,Enterprise On-Ramp,ecogerb5@soundcloud.com,"Rutherford, Flatley and Rodriguez",GQB7MRAO4A4,PAWGGyXEaIdh
403,Mandy Iddy,Business,middyb6@dailymail.co.uk,Bode LLC,mMboTh,bVMcWFs
404,Mildred Kleinfeld,Business,mkleinfeldb7@naver.com,"Mann, Moore and Zieme",ZcIH6X0Q1uv,M3TMsPla
405,Padriac Szymoni,Business,pszymonib8@blogs.com,Lowe Inc,XdFSzrswT,sbq6o2KVPbE
406,Lanie Hamnet,Enterprise,lhamnetb9@cisco.com,Lakin-Cummerata,M0F7LFA,0FgDo7mRHuv
407,Gonzalo Lyle,Developer,glyleba@icq.com,O'Connell-Davis,ATJJwSU,7iksPY0uXgu
408,Fanya Uren,Enterprise On-Ramp,furenbb@tripod.com,"Hayes, Doyle and Stracke",Bm3IljY,uTACMV0
409,Cordell Upchurch,Enterprise,cupchurchbc@goo.gl,Will LLC,QgqPSYgO,uqBPlRAFqRO
410,Walden Malt,Developer,wmaltbd@ucoz.com,Monahan-Baumbach,c8EZyaYt,3NNT9UqLM
411,Alix Poate,Developer,apoatebe@tripod.com,Williamson-Hartmann,xTkE4KR,soiXNjUg
412,Frank Arnal,Developer,farnalbf@goo.gl,Harvey-Nitzsche,wCIR6Re6u,8Jg0iUM
413,Annice Pahl,Enterprise,apahlbg@g.co,Adams-McKenzie,7Q10DxksM,JgnGA5
414,Sharline Waleran,Enterprise,swaleranbh@ocn.ne.jp,Turcotte-Vandervort,eD2WFrptGTIb,xG2SkT
415,Ronnie Bourdas,Business,rbourdasbi@facebook.com,Bradtke and Sons,xnzMhypX5Eo,OrRdbr
416,Tab Shepherd,Enterprise On-Ramp,tshepherdbj@jugem.jp,Cruickshank-Kulas,FUHyKxChAoXl,0ZYuv01bfILB
417,Deena McPike,Enterprise On-Ramp,dmcpikebk@opera.com,Schultz-Anderson,E0RC6Vq,pmxx5z
418,Rosalind Jesse,Developer,rjessebl@who.int,Braun-Ziemann,FHdrmCe9p41D,wL6gIwA
419,Ambur Drewett,Business,adrewettbm@msn.com,"Wolff, Leannon and Ritchie",6qaYQnM,zfhtaMX44T
420,Glynnis Kesterton,Business,gkestertonbn@java.com,Murphy-Cruickshank,qH5Kmcpxq76,ktCsRvAhvc5D
421,Arturo Buessen,Enterprise On-Ramp,abuessenbo@google.pl,"Ziemann, Haag and Russel",JRKqBrhG,TZtEwM9YydE0
422,Darb Scones,Enterprise,dsconesbp@wikimedia.org,"Wiza, Collins and Ferry",lhjZPqPyFJ8,M8hYRBa
423,Olia Tythe,Enterprise On-Ramp,otythebq@washington.edu,King Inc,oV2FvVLgDkxJ,nOKVYzjagiOo
424,Holli Hek,Developer,hhekbr@cmu.edu,Ruecker Inc,GxDakGZVen,FM3FnTkhA
425,Consuela Reskelly,Business,creskellybs@va.gov,Lynch Group,x5vSHYZAH,4AXW4r8zsrwe
426,Mal Spencook,Developer,mspencookbt@nymag.com,Wuckert-Bechtelar,uHxVEU,n0bEr4c5j
427,Teena Lindeman,Business,tlindemanbu@utexas.edu,Upton Group,hMamC64giqn,ddrdFK
428,Moselle Lembrick,Developer,mlembrickbv@house.gov,Kuvalis-Stamm,LwtYyGQ,6KlIezgP
429,Kassie Lethley,Enterprise On-Ramp,klethleybw@angelfire.com,"Hudson, Keeling and Jacobi",M9Hi4cfYsw,lHWZbmpXTeq
430,Daria Eger,Enterprise On-Ramp,degerbx@about.com,Tillman-Bailey,kpborxAh,bP4anN1p
431,Val Colthard,Enterprise On-Ramp,vcolthardby@devhub.com,"Gislason, Hagenes and Reilly",mqq85jw,DMOvJ6r81pV4
432,Berenice Spurier,Enterprise On-Ramp,bspurierbz@tinypic.com,Zieme Inc,CXQZwWqSCYI,JiPInSCZt
433,Emma Pea,Enterprise On-Ramp,epeac0@deliciousdays.com,Tremblay-Rice,1xcpQf,m8y8H9oanc
434,Romeo Lethlay,Enterprise,rlethlayc1@mediafire.com,Fahey-Prohaska,GUKhJvx,ItDVjI0J
435,Garrot Twaite,Enterprise,gtwaitec2@sphinn.com,Nader Inc,p5E8NUEZq3,0hFrLRytv
436,Cherey Wrist,Business,cwristc3@reuters.com,"Ebert, Green and Zboncak",j0mrhzJ7L,trFo6Qnr
437,Jordan Campkin,Developer,jcampkinc4@ask.com,Weimann Group,8FdC6PJzm7zP,4vbpcptqpYpx
438,Wynny Gutteridge,Business,wgutteridgec5@icio.us,Lang Inc,YlWwSNDht,ymh9HM
439,Kerstin Mortimer,Developer,kmortimerc6@jiathis.com,Raynor-Schmeler,G30VAco5Z7f,ToEwFpt7v7G
440,Ailsun Tremayne,Enterprise,atremaynec7@purevolume.com,"Konopelski, Rodriguez and Ankunding",iYNFtk,Hy4Ak2GoZIR
441,Tadio Dougher,Developer,tdougherc8@answers.com,"Jast, Herman and Anderson",9ggPnfQu,NVvgHk5
442,Marthena Weth,Enterprise On-Ramp,mwethc9@amazonaws.com,"Shields, Klein and Carroll",jjzkd7,EuWlubZKLlq
443,Rabi Upton,Business,ruptonca@ifeng.com,Hermiston-Reichel,c7VAtGsHWK,xBLnhy
444,Farr Bourgaize,Enterprise,fbourgaizecb@cmu.edu,Trantow-Dibbert,AmEUOjir4N0B,G1m6uXl
445,Charlotta Fer,Enterprise,cfercc@microsoft.com,Kuhlman and Sons,x1lHUoyWqT,xu7BDCq
446,Weylin Meni,Developer,wmenicd@narod.ru,Emmerich-Medhurst,RMUquf,7XPIXox
447,Johannah O'Flynn,Enterprise,joflynnce@gmpg.org,Lind Group,TjMRBrPWp,PMkHe6RP7
448,Shandra Worboys,Developer,sworboyscf@yellowbook.com,"Bechtelar, O'Connell and Bauch",wkcdFj,vUNruE4
449,Beckie Muro,Enterprise,bmurocg@businesswire.com,"Brown, Volkman and Gusikowski",xkyexJsHlOw,qiyvJePHHb
450,Delilah Van der Beek,Enterprise On-Ramp,dvanch@de.vu,"Bashirian, Wolff and Kovacek",SjZ1LZoklz4h,Kzc8yti
451,Rabbi Anthoin,Business,ranthoinci@msu.edu,Keeling and Sons,Zmuc5ly,haToosJ5Z
452,Barbra Johanning,Business,bjohanningcj@gnu.org,Torp LLC,6IPOaaqe,68l60XGOInOl
453,Lorettalorna Gorrissen,Enterprise On-Ramp,lgorrissenck@posterous.com,"Buckridge, Bartoletti and Nader",BjaESQ5t,RAAyBRY3UzBv
454,Tann Hammerman,Enterprise,thammermancl@booking.com,Anderson-Buckridge,GipYGBYK7,sg2DUJcVHe88
455,Torie Cassels,Enterprise,tcasselscm@unc.edu,"Kunze, Dach and Hackett",9am4k0So8A0,OsOdsuwOT5hB
456,Simmonds Thies,Enterprise,sthiescn@usa.gov,Halvorson and Sons,Uf7UBo,FsdbpMIFLCaH
457,Marylinda Ballin,Business,mballinco@howstuffworks.com,Towne Group,deWzFD,6pXmumW9
458,Nelly Conklin,Business,nconklincp@clickbank.net,Sawayn-Romaguera,m1F7uEPDSMc9,0q0EeIhR
459,Harp Kid,Enterprise,hkidcq@e-recht24.de,King-Zulauf,6GMB9MGtf,xP8ZfdBlt3YO
460,Alfy Nunan,Developer,anunancr@timesonline.co.uk,"Conroy, Cremin and Dicki",pHowjcLg,3anqvUbb
461,Cully Guion,Enterprise,cguioncs@army.mil,Prohaska Inc,xjvlpGQkNnX,7IPTeDr
462,Emmye Braffington,Developer,ebraffingtonct@gmpg.org,Yost-Williamson,rJv2clpIM7d,UXWli1hW4MJ
463,Hershel Titt,Business,htittcu@edublogs.org,Heller Group,ULwAbZR,f4vV0zx4t9
464,Ban Cornner,Enterprise On-Ramp,bcornnercv@bizjournals.com,Hamill-Lynch,eTNvQvzWZa,mdLORCBh
465,Lennie Wilton,Enterprise,lwiltoncw@cdc.gov,Ritchie-Gorczany,k8y5G6Tearc3,MuCib9J
466,Heindrick Howsam,Enterprise On-Ramp,hhowsamcx@msu.edu,"Watsica, Emmerich and Grimes",cnsSF4,Mf6puEcH
467,Lydie Tomaskunas,Enterprise,ltomaskunascy@netvibes.com,"Turcotte, Schiller and Tromp",YuN2zrGlVD52,5eYPS2KiZCH
468,Darleen Goodlake,Enterprise,dgoodlakecz@forbes.com,Ritchie Inc,RlDz3AGlzIPE,6XtTDdlpc5
469,Ivette Jarritt,Enterprise On-Ramp,ijarrittd0@oakley.com,"Fritsch, Jast and Hamill",mQ1Is1XCEu,TxwZ52ke
470,Harwell Dickman,Business,hdickmand1@virginia.edu,Feil-Bernier,zkEZyj8MOO,TXxPfntf
471,Marlow Babb,Developer,mbabbd2@istockphoto.com,"Pouros, Armstrong and Konopelski",wBKHeS2kK3,gDkllaSjV
472,Rosalynd von Hagt,Developer,rvond3@usda.gov,"Beahan, VonRueden and Willms",G73XS2sHV8Wr,19iCaBG5EzJ
473,Guenna Manlow,Enterprise On-Ramp,gmanlowd4@dyndns.org,Powlowski-Wintheiser,hBVnp66xY0,sCPalRD7d8A
474,Lidia Heigl,Developer,lheigld5@deliciousdays.com,"Beer, Zemlak and Kihn",tuRVYrc,RTSRg1b5T
475,Claretta MacAfee,Business,cmacafeed6@ameblo.jp,Okuneva Group,X5IOdWuxfUOI,Ug2wRz
476,Silvain Cristea,Business,scristead7@patch.com,Schneider-Deckow,Xw7yaAwj,SXR0pkXC84L
477,Lonny Screech,Enterprise On-Ramp,lscreechd8@plala.or.jp,Lebsack LLC,qT8V7AYX,lhjyynn
478,Vinny Taylour,Enterprise,vtaylourd9@ucoz.com,Hauck Inc,jWSDYG6aJT,i9xnn19eHn
479,Rhody Judron,Enterprise,rjudronda@nydailynews.com,Emmerich LLC,LUFntDVkEYic,3kkmom34O
480,Freddie Bottrill,Business,fbottrilldb@google.pl,Beahan Group,zLeZD7m4cZr,hMKZhX86pIC
481,Rheta Lerwell,Developer,rlerwelldc@wordpress.com,Gerlach LLC,Pr3OVtaJYX9O,LN0P41qymzR
482,Junette End,Developer,jenddd@hc360.com,"Conn, McDermott and Bechtelar",w4vumebQ,FuLOPHZLRRvW
483,Sigismundo Theis,Business,stheisde@ask.com,Kuphal-Prosacco,aAj0EIjU,df12iN0V
484,Cordelie Davidde,Enterprise On-Ramp,cdaviddedf@amazon.co.jp,Ullrich LLC,oeUEGj,INstCMeJMm
485,Layne Passey,Developer,lpasseydg@deliciousdays.com,Lueilwitz LLC,81bY8mI,V94UU8VSQ
486,Evaleen Danels,Enterprise On-Ramp,edanelsdh@businessinsider.com,"Prosacco, Jenkins and Dooley",lNnUp5gb81Y,pN9OhdtC
487,Nichole Pietrusiak,Enterprise,npietrusiakdi@shinystat.com,"Simonis, Hodkiewicz and Nikolaus",YKJKZkvJliN,6nG1yeGJn
488,Lisha Brosch,Developer,lbroschdj@upenn.edu,Friesen-Towne,gFw07PQ,ZUMhhEvw
489,Ruggiero McElroy,Developer,rmcelroydk@china.com.cn,"Kling, Hegmann and Bauch",vYKfs2D8BwzL,Yp534gbb5
490,Rozalie D'Ambrogio,Enterprise,rdambrogiodl@printfriendly.com,Mueller-Swift,KSrlGALil9O,HYMyTj
491,Vivian Shewen,Enterprise,vshewendm@stanford.edu,"Jaskolski, Conn and Bergnaum",RIxvNSixD,sLYiKy
492,Minni Nolot,Enterprise On-Ramp,mnolotdn@taobao.com,Wilkinson-Schumm,Uqye2iFs,r4wg3I8
493,Conni Raynor,Enterprise,craynordo@latimes.com,Bode and Sons,Jk19FzIW,vR4zACjPGkO
494,Brena Faux,Enterprise,bfauxdp@cam.ac.uk,Berge Inc,YC0mzu2p,CvVoT3cVt1na
495,Kassi Trayes,Enterprise On-Ramp,ktrayesdq@mysql.com,"Bogisich, Schmeler and Rolfson",8UoMxx4TT,7Zfkac9OR8Q
496,Ericka Claw,Enterprise On-Ramp,eclawdr@apple.com,"Larkin, Howe and Rau",9PY4mVu1,6GLfeMXm0eT
497,Fidelio Seger,Developer,fsegerds@answers.com,"Wunsch, Hudson and Lind",Of87pl84KXWM,4BbmloRruS
498,Morganne O'Kuddyhy,Business,mokuddyhydt@simplemachines.org,Schoen and Sons,aehJdpEw,guqpwqM
499,Padriac Bonus,Enterprise,pbonusdu@usatoday.com,Anderson Group,48DOAUWvPqfT,aHrFZU
500,Gustavus Crevy,Enterprise On-Ramp,gcrevydv@studiopress.com,Kemmer Inc,JTuSQBfvAs,PdsefBWGvUhs
501,Lionel Killeen,Enterprise,lkilleendw@independent.co.uk,"Keebler, Kunde and Bernhard",5g4oq3HB5S,ickreS8B
502,Arvy Bensusan,Enterprise On-Ramp,abensusandx@phoca.cz,Gerhold and Sons,wUqpnhtj,O2B3wT3jizx
503,Gerrard Garraway,Developer,ggarrawaydy@sogou.com,"Baumbach, Donnelly and Abshire",B9U4jHax3,lD72pj12Pe
504,Baldwin Phetteplace,Enterprise,bphetteplacedz@diigo.com,Morissette Group,EQYyGDll8nm,3Xa7SoH
505,Nefen Studman,Business,nstudmane0@vinaora.com,Ruecker Group,566tb9ffh,tnFIKCX
506,Herc Lantry,Enterprise,hlantrye1@cnbc.com,Gleason-Lueilwitz,jhfyv0mGQ,7MnS6A
507,Ingaberg Ditchfield,Developer,iditchfielde2@friendfeed.com,Morar and Sons,keP54qW,woRVz8GEy
508,Charis Malden,Developer,cmaldene3@sohu.com,Bernhard LLC,mcX7GO4v9Hb,PEQkPcuqL4w
509,Saxon Higounet,Enterprise,shigounete4@dropbox.com,Pollich LLC,AGit5GAWB,NRZnbMQfil
510,Cyndi Morefield,Business,cmorefielde5@comcast.net,Wilkinson-Ledner,y1LdHFm1z,WcdCHggW6il
511,Shanie Gregr,Enterprise,sgregre6@nationalgeographic.com,Hayes Group,5MKrHraTv2,7L0zoyCqB
512,Patricio Caveill,Business,pcaveille7@unblog.fr,"Kozey, Torp and Carter",NQb3PO5L2,H9hfnXAE
513,Leonhard Matuszyk,Enterprise On-Ramp,lmatuszyke8@ezinearticles.com,Huels-Dickens,W2gPc3rCH,ddwwNCqmAav
514,Merline Tappington,Enterprise,mtappingtone9@soup.io,"Altenwerth, Ernser and Bailey",U4IQObu,E1T0feTQZ8bC
515,Odell Boldero,Enterprise On-Ramp,obolderoea@constantcontact.com,Kohler-Kuhlman,yiHp66,CxTfge50Zw5
516,Haleigh Grishenkov,Business,hgrishenkoveb@home.pl,Feeney-Lehner,cqW9Ftpbw,dlCVrXr
517,Helga Caris,Developer,hcarisec@buzzfeed.com,Baumbach Group,cpxPnTX,t6JEzE5xXI
518,Eldin Veivers,Developer,eveiversed@histats.com,Russel-Beatty,NrbZBVpZi,IkidIYzBwz0
519,Bjorn MacGiany,Enterprise On-Ramp,bmacgianyee@mapy.cz,"Hickle, Bahringer and Quitzon",yEB670,9r53WP1rvJH
520,Andreana Jeskins,Developer,ajeskinsef@usgs.gov,Bogisich-Graham,F5ELuzZhWzuE,xrxE6u2
521,Meggy Stallebrass,Developer,mstallebrasseg@tripadvisor.com,"Ebert, Walter and Gulgowski",2XLVYVMLc,99mnDSWirmD
522,Ursula Jorck,Developer,ujorckeh@dion.ne.jp,Lang-Sanford,ei25pY,isnTFhEZg
523,Kaja MacDwyer,Business,kmacdwyerei@miibeian.gov.cn,Crist LLC,K6v00YVF,p3Fzxr
524,Spencer Matskevich,Business,smatskevichej@usda.gov,Lynch Group,s15FKNLZp,IOnDh1Z
525,Chrisse Trayford,Enterprise On-Ramp,ctrayfordek@omniture.com,"Huel, Blick and Rogahn",2eRBEufNHyFi,AUpJsgY
526,Tootsie Ayliffe,Business,tayliffeel@pinterest.com,Wisozk Inc,CmIGjvB5l3,PGlqwV5yq
527,Thekla Joskowitz,Business,tjoskowitzem@cisco.com,Casper-Schmeler,NJykz3,TWBjsdSszD
528,Cloris Margram,Business,cmargramen@surveymonkey.com,Stiedemann LLC,xnkBlb,qXosO4Z
529,Drona Riolfi,Enterprise,driolfieo@arizona.edu,"Stanton, Rowe and McLaughlin",j1KH0Y6cRRx,4Ih0UBZhL
530,Garfield Greggs,Business,ggreggsep@delicious.com,Reynolds-Hane,jg8Zh3lPa,VjsMKOY9
531,Elisabeth Buy,Enterprise On-Ramp,ebuyeq@themeforest.net,Langosh-O'Reilly,k3QeZRE,3QRmQ1fhEj
532,Lanie Bydaway,Developer,lbydawayer@si.edu,Effertz-Champlin,eZbau1ink,PQSR79h
533,Trueman Divine,Business,tdivinees@patch.com,Renner-Turcotte,9jN46nIw,eIEahzbU
534,Dermot Hoovart,Developer,dhoovartet@opensource.org,Ledner LLC,5mts36WzS,Vv5iLLvv0pI
535,Blinnie Grimm,Enterprise On-Ramp,bgrimmeu@shinystat.com,"Durgan, Hessel and Shanahan",UFG407FI5Q,hMQFan4Z2Rkk
536,Arther Muggleston,Enterprise,amugglestonev@miitbeian.gov.cn,"Ernser, Brakus and Boehm",O7Fbfgk,TZ1LGyg
537,Drucy Bartlet,Enterprise On-Ramp,dbartletew@archive.org,"Wilkinson, Kunze and Heathcote",Yeo8TCtd6R,2l8XyOTXi2t
538,Sigrid Beak,Enterprise On-Ramp,sbeakex@instagram.com,Koepp-Johnston,WTNv5h,eDAMW3tKn
539,Ilise Upwood,Enterprise,iupwoodey@istockphoto.com,Breitenberg-Oberbrunner,Y0mi1SJuj,fX9jZSN0wn
540,Lucian Richichi,Business,lrichichiez@netlog.com,Gleichner LLC,EoyyLJgybx,eTsXvPsY
541,Ericha Gowlett,Enterprise,egowlettf0@booking.com,"Dicki, Simonis and Reichert",YmXUZzHxGIl,3xkOMOhTfnH
542,Lilias Breagan,Developer,lbreaganf1@nytimes.com,"Harber, Dare and Fritsch",EA1LfybH,ivoNlP6wxj
543,Izaak Ryman,Business,irymanf2@hatena.ne.jp,"Bednar, Kris and Greenfelder",0JLLif7t,7xIGOQs7GZ4u
544,Paula Yerlett,Enterprise,pyerlettf3@indiegogo.com,"Carter, Kertzmann and Hackett",1HZ1lIixcJ9f,cJCDDfi3k
545,Deloris Dunican,Enterprise On-Ramp,ddunicanf4@cnbc.com,"Bernier, Green and Leannon",CUzcTm9mnOpL,a9AJYaQmf
546,Willem Gillivrie,Enterprise,wgillivrief5@stumbleupon.com,"Parisian, Abernathy and Huel",kZJzt45qgj,TdZdkK
547,Sancho Rosa,Developer,srosaf6@businesswire.com,Hickle-Wuckert,rdvhhv3C,tyqDWrWUp8b
548,Arnie Izhakov,Enterprise,aizhakovf7@csmonitor.com,Larkin Group,8RNYCac,zFUuiug
549,Gallard Strathman,Enterprise,gstrathmanf8@disqus.com,Tromp-Hettinger,2L3PLi,w2raQErnq
550,Emmett Dubery,Developer,eduberyf9@ucsd.edu,Herman and Sons,KJv5G2,3b6CTc
551,Trish Lambricht,Developer,tlambrichtfa@disqus.com,Goyette Group,y80rcW9n4He,eq0sfnK
552,Bethanne Potts,Business,bpottsfb@smugmug.com,"Connelly, Friesen and Denesik",P1ocUucGsAe,v3odGRknBBl
553,Dominic Stefi,Enterprise,dstefifc@google.de,Windler Inc,NouBc0,Df9OLm43mP
554,Corine Lyston,Developer,clystonfd@nydailynews.com,King and Sons,DJoCNbwugv7U,0g2b7TG
555,Ashlan Frichley,Enterprise,africhleyfe@dropbox.com,Russel Group,YrMFzJyl,IQ355P
556,Mufinella MacIntyre,Business,mmacintyreff@mozilla.com,Wehner-O'Keefe,3IWHy0dbuo0X,mxuoA7
557,Jorey De Witt,Developer,jdefg@wordpress.org,Runte-Dooley,5zAZCHSSORB,tNdNyTw3h
558,Konstanze Pakenham,Business,kpakenhamfh@comcast.net,"Pollich, Lindgren and Kihn",6Yz6NL9tvUSS,1M2YVZbWBdr
559,Agnes Pill,Developer,apillfi@toplist.cz,"Nicolas, Mills and O'Reilly",JuouqMX,y4mqqURQ0WvT
560,Corene Corkish,Enterprise On-Ramp,ccorkishfj@quantcast.com,"Kuhn, Block and Weber",ogaE5ic,j0iZWKq6pC
561,Mamie Broe,Enterprise On-Ramp,mbroefk@goo.gl,Mohr LLC,IPBc1JKi,NhFa2EN
562,Karee Kybert,Enterprise On-Ramp,kkybertfl@github.io,Simonis-Cremin,3MmozpTI,bSXz8Q
563,Franchot Basnett,Business,fbasnettfm@studiopress.com,"Pollich, Reichert and Johns",VR9aq3,BJHTc1FLGe
564,Ofilia Browse,Enterprise,obrowsefn@google.com.au,Denesik-Weber,AsXNqMQB87Gp,mD0O67M
565,Barbie Coppen,Business,bcoppenfo@google.de,McKenzie-Klein,rdUcC7G16Sy,5OXNXF7RfE
566,Bessie St Quenin,Business,bstfp@google.com.br,Bogan-Conn,moWKJP5ssaQD,h6uRo9w
567,Seth Rae,Enterprise,sraefq@aboutads.info,Roob Inc,e3yb2lNgmoK6,Px72x8F4m
568,Maynord Cottel,Enterprise On-Ramp,mcottelfr@issuu.com,"Schaden, Tromp and Denesik",LMcECUsI8jb,PmAReHDN
569,Ravi Piegrome,Enterprise On-Ramp,rpiegromefs@about.me,Satterfield-Feeney,KfLiqm,MU37Cct
570,Erinn Anning,Business,eanningft@usnews.com,"McCullough, Nader and Cummerata",xeXi6Lvm,i12CcetW
571,Nonah Trusler,Enterprise On-Ramp,ntruslerfu@ovh.net,"Tremblay, Schiller and Bashirian",uaC40VtjQnu,sb9eV2CE6
572,Ralph Wigg,Enterprise,rwiggfv@go.com,Gulgowski-Reichert,rvZV7l0SAkEK,9wZvC3
573,Karilynn Bore,Enterprise On-Ramp,kborefw@dedecms.com,Stanton LLC,j9STX0SQH,gNfWxXDXV
574,Derron Swaffield,Enterprise,dswaffieldfx@seattletimes.com,Kuvalis-Predovic,0Cg2fv1VegE,vffemi1
575,Nessie Brimham,Enterprise,nbrimhamfy@163.com,Muller Inc,O7qBfpunenn,2btbZHL
576,Dusty Gascoigne,Enterprise,dgascoignefz@usatoday.com,"Effertz, Strosin and Kuhlman",50wyCM7j8df,lGWgVtizZ
577,Walden Dally,Enterprise On-Ramp,wdallyg0@reverbnation.com,"Johns, Murphy and Upton",XjOTMUBdQ,RZRBlPCbkZZJ
578,Irwin Elms,Business,ielmsg1@drupal.org,Roob-Hoppe,WDHNbAY8wlah,fI4J0NvjL
579,Neala Clutheram,Business,nclutheramg2@indiegogo.com,Will-Olson,oxSBRUA13X,2ClqTd
580,Mahmoud Steffans,Developer,msteffansg3@arstechnica.com,"Kunze, Bosco and Heaney",QAdm0x,JK7mUaR
581,Barbey Woodstock,Business,bwoodstockg4@hatena.ne.jp,"Macejkovic, Gleason and Rempel",XcfeiTeJV,OpXo6x
582,Gualterio Houlison,Enterprise On-Ramp,ghoulisong5@webmd.com,Berge-Kreiger,X6FujP,10pk5XNVtg1
583,Gwennie Le Noury,Business,gleg6@usgs.gov,Koepp LLC,c8DJ116V,AKPM4OMADVUp
584,Freddie Ades,Developer,fadesg7@clickbank.net,Abernathy Group,OphdaI,86O6ie
585,Gaspard Joppich,Business,gjoppichg8@smh.com.au,Price Group,NRoEwk,WxHUTH
586,Averil Bettles,Enterprise On-Ramp,abettlesg9@patch.com,Runolfsson Group,MZd5nr5SGE,MeEqXD5ue
587,Cammy Farriar,Enterprise,cfarriarga@kickstarter.com,Jenkins-Keeling,OL036CwKxPt,W2G20SbrQVTW
588,Jud Bowen,Developer,jbowengb@weather.com,"Mitchell, Heathcote and Balistreri",ILblRt3HH,PaCAeR4v
589,Niki Reedy,Business,nreedygc@creativecommons.org,Kohler-Price,HTOZIlYey,0RCOj8Lz
590,Erny Blasius,Enterprise On-Ramp,eblasiusgd@deviantart.com,"Corwin, Friesen and Lehner",G6KdioLwTV,liRQ1B1a
591,Wini McLevie,Enterprise On-Ramp,wmcleviege@comcast.net,"Carroll, Hagenes and Sanford",2GnXpfo,MJCj2mIujuw
592,Terrance Franzke,Developer,tfranzkegf@sciencedaily.com,Durgan-Wolf,Yq9APlSNfb7,ZLbER19Ah7w
593,Pernell Coles,Business,pcolesgg@cdc.gov,Lebsack-Torp,AAn4B7RrpS,EAmP8Nrs8
594,Kimmie Sapshed,Developer,ksapshedgh@dot.gov,"Hand, Rolfson and Stanton",2P0xY4Y,wCPIxNqnmR
595,Lionello Voak,Developer,lvoakgi@amazon.co.jp,McKenzie and Sons,1P68upyZTGS,LiT9NQ0EMEF
596,Matthiew Burgoin,Business,mburgoingj@soundcloud.com,"Kertzmann, Tremblay and Kuphal",4yeITVQM,1LBMJO
597,Timmy St. Hill,Business,tstgk@gov.uk,"Tromp, Mayer and Rowe",7VfjuOaIy,aQvo2c1x
598,Albertine Challens,Enterprise On-Ramp,achallensgl@github.com,Kutch LLC,xLn9Cguv,MmvlrzIyExg
599,Orin Adcocks,Business,oadcocksgm@cafepress.com,"Huels, Pfannerstill and Stroman",kj280Ey67Z1,BIAbkBk
600,Tiebout McAughtry,Enterprise,tmcaughtrygn@posterous.com,Stroman and Sons,DHRjTsbh,wgyXlC2xtBx5
601,Rusty Ceillier,Enterprise,rceilliergo@wisc.edu,"Reilly, Hamill and Reichert",GFdk9s,XkkFPz1s
602,Aimee Florio,Developer,afloriogp@accuweather.com,Goodwin Group,6n8dzm4D,LME2xhxbQ
603,Margo Stratiff,Developer,mstratiffgq@state.gov,White-Hirthe,jiaDgT,qT9Xiw9R8K
604,Raddie Mead,Business,rmeadgr@sun.com,Price Inc,I9JPiOu,Wm4fQlX3xYiy
605,Valli Twydell,Enterprise On-Ramp,vtwydellgs@stanford.edu,"Ankunding, Hand and McDermott",4GOpbPWl,Cvxaj3R7dx
606,Auroora Grolle,Developer,agrollegt@myspace.com,"Wilkinson, Hane and Ledner",54FmeT,LbZlGpX7jw
607,Esma Beeke,Developer,ebeekegu@newyorker.com,Ernser Inc,k42QJGg2,VqwrS5d
608,Valentina Strowthers,Developer,vstrowthersgv@google.nl,DuBuque Group,ybgp77VQwX,JHlbvxfDH
609,Kitti Cormode,Business,kcormodegw@livejournal.com,Ledner and Sons,Jy00DRsPYiA,SHhIGFOk6
610,Tabbi Filpi,Enterprise,tfilpigx@g.co,"Stokes, Cronin and Durgan",styM4UXW,dsNG4gt8
611,Koral Curnnokk,Business,kcurnnokkgy@meetup.com,Bechtelar-Kreiger,2NddSee,CSQstTITvpA
612,Hinze Ridler,Business,hridlergz@usatoday.com,"Hickle, Fadel and Wisozk",FxoicWjG4CNg,811k4O
613,Kally Laite,Developer,klaiteh0@exblog.jp,"Watsica, Tromp and Larkin",M0ZgeHGfmjg,u4UCppaKNDxq
614,Cyrillus Biermatowicz,Enterprise On-Ramp,cbiermatowiczh1@tamu.edu,"Carroll, Wehner and Hilpert",dyqsjt,pGLizZVP2AY
615,Samara Rude,Enterprise,srudeh2@webmd.com,"Koss, Waters and MacGyver",4TtNqcB,WTg7ZpGZ4L1q
616,Margy Russon,Developer,mrussonh3@webmd.com,Schmeler-Mertz,jwqJVC,YPRyuw
617,Anjela Kendell,Enterprise,akendellh4@last.fm,Kunde LLC,iU5nvmQK,STqK23xSf6
618,Meaghan Radbourn,Business,mradbournh5@nsw.gov.au,"Mante, Hagenes and Beer",ukNFa4QieBz,mIfaYTEbge
619,Sindee Fiddy,Enterprise,sfiddyh6@pinterest.com,Kemmer LLC,NOm3xCzC8LLs,gEP295k
620,Devy Dudny,Enterprise On-Ramp,ddudnyh7@wisc.edu,"Gleichner, Schulist and Mills",igjynUOaA,VFl39sg
621,Nona Hannon,Enterprise On-Ramp,nhannonh8@360.cn,"Senger, Hahn and Jacobs",WQ56BLC4Wb,1eWIBY1h9D
622,Gipsy Cecere,Enterprise On-Ramp,gcecereh9@qq.com,Gerlach-Moen,McgadM,tkzSfIp3iU
623,Malissia Jirus,Business,mjirusha@reverbnation.com,Sauer-Hilpert,P8rIO3V,GBjREVy99Y
624,Caprice Belchamber,Enterprise On-Ramp,cbelchamberhb@quantcast.com,Runolfsdottir Inc,Y5c04v6ZU,oEWl5MPjXt
625,Bernarr Staniford,Enterprise,bstanifordhc@typepad.com,Bayer and Sons,OeaTNjOMyw,hCTuzj7l6
626,Paloma Brazenor,Enterprise,pbrazenorhd@unicef.org,"Hodkiewicz, Muller and Lesch",x9xbiaH4ob,QD6Rndj
627,Rayner Bruni,Enterprise On-Ramp,rbrunihe@linkedin.com,"Hackett, Upton and Schuppe",TlpxnS,HoihNiu
628,Galvin Burgyn,Enterprise,gburgynhf@who.int,"Ankunding, Gaylord and Kozey",igA42ja,br7cjLX7t1
629,Trefor Kensett,Enterprise,tkensetthg@sciencedaily.com,Denesik Group,QiCxBbM0pkmL,4VQVC2rsHL
630,Tabbie Bene,Business,tbenehh@homestead.com,"Greenholt, Klein and Shanahan",HQb5Qy6,ijISls
631,Alameda Cockayne,Enterprise,acockaynehi@tumblr.com,Kreiger and Sons,Bb2Am5fAVFZO,hamrgjxrF02g
632,Denys Leavesley,Enterprise,dleavesleyhj@unicef.org,"Fritsch, Rolfson and Keebler",J7Mhbhr,cEdH7ZrpE
633,Royall Mattei,Enterprise,rmatteihk@hc360.com,Schaden-Nicolas,hKEUECHdS2F,Z7FSxATg
634,Clayborn Grady,Enterprise,cgradyhl@ted.com,Heathcote and Sons,5Qi0L2,CN96CfB
635,Milli Piner,Business,mpinerhm@sitemeter.com,Pfeffer and Sons,0GsnPlkS,6wJ9NDKvD5
636,Lanie Hurrion,Enterprise,lhurrionhn@dailymotion.com,Weimann-Gottlieb,YxGjSAoQU,cQYJkR2
637,Jada Wye,Developer,jwyeho@shop-pro.jp,Cormier LLC,uQcGqxKs,xefBE8
638,Laverna Morphet,Enterprise On-Ramp,lmorphethp@behance.net,Kessler Inc,IJXtlg7pG,xn8o5v7
639,Danielle Prydie,Enterprise On-Ramp,dprydiehq@kickstarter.com,Hills-Crist,GiYl4E2C,DWlGJb
640,Rodney Alabone,Business,ralabonehr@ow.ly,"Bahringer, Keeling and Considine",FBJXS5gEuIk,8oOgncvZGBbF
641,Rooney Hindsberg,Enterprise On-Ramp,rhindsberghs@usda.gov,"Lang, Ratke and Langworth",qPIonpg8Y,leZ9ANF0EmO6
642,Electra Fairhead,Developer,efairheadht@samsung.com,Boyer-Mraz,SwVIW3vxJ2,lwVY7SD8R
643,Aaron Griffitts,Business,agriffittshu@guardian.co.uk,O'Conner Inc,N3NNM1,HMe0eoeg4
644,Benedetto Middleton,Developer,bmiddletonhv@imageshack.us,Bayer Group,pvuOvBa3J,8K1MkCir
645,Herby Le Marchand,Business,hlehw@typepad.com,"Daniel, Parisian and Ratke",8rhqMeOyh,ypfGHKGp
646,Sharon Angear,Developer,sangearhx@lycos.com,Murray-Keeling,OUHERHGjO4L,kN0a3xJX1SSH
647,Aurlie Moult,Enterprise,amoulthy@tinyurl.com,"Stroman, Willms and Gaylord",dm43vwE3c,CCJdC86W
648,Bjorn Speak,Developer,bspeakhz@howstuffworks.com,Kunze-Schaefer,DNY9oCj3Rf,n92uKnAw8o
649,Ramsey Muzzillo,Business,rmuzzilloi0@amazon.co.jp,"Sporer, Schaden and Douglas",jT3pQ1bDQ,yBixeor33qjX
650,Penn Cotterrill,Enterprise,pcotterrilli1@techcrunch.com,"Barrows, Greenfelder and Mraz",Eo7hef,kB8IH1
651,Sela Capaldi,Enterprise On-Ramp,scapaldii2@linkedin.com,Schulist Group,S9c1Erno3iiY,5cBM13rOQyw9
652,Augustin Dulanty,Enterprise,adulantyi3@ocn.ne.jp,VonRueden-Sawayn,D5KNbVz,EuDqjtEnvG
653,Risa Alphege,Enterprise,ralphegei4@bbb.org,Altenwerth Group,YVf06dujOP,lMOP7Z
654,Eziechiele Resun,Developer,eresuni5@dmoz.org,Ferry Group,qHBJbqC,A4IJag2mjK
655,Taddeusz Poacher,Enterprise On-Ramp,tpoacheri6@geocities.jp,Waters Group,5xWy9Ar,yfQJAkC1e
656,Maritsa Berryann,Business,mberryanni7@tinypic.com,Luettgen-Ebert,IuTy88dpLk8,DSmzAdW
657,Mervin Agnew,Enterprise,magnewi8@goo.ne.jp,Feest-Kovacek,JjW0UuVwlnO,bBagZIhIbg
658,Jonas Exell,Developer,jexelli9@utexas.edu,"Lockman, Effertz and Barton",LQoHCk,KAsFim
659,Harmony Steggals,Business,hsteggalsia@digg.com,Borer-Romaguera,9Q9xpp,bFSdDQUu
660,Myrilla Bembridge,Business,mbembridgeib@vimeo.com,Bruen-Mante,eQxsKdLU,ZpvJcMKrs
661,Alleyn Lawton,Enterprise,alawtonic@ameblo.jp,Lindgren LLC,Fbea9VEMD,cIY27lW
662,Haleigh Oakly,Developer,hoaklyid@cpanel.net,Gibson-Abshire,kBMbc55deu,2m7EYdSC3xl
663,Jonell Greenlies,Enterprise On-Ramp,jgreenliesie@blogspot.com,"Murphy, Auer and Feest",041Xvrf,xC5erfbZg
664,Grete Fibbens,Enterprise,gfibbensif@blogger.com,Barrows Group,ey6HM4n,yfJ4iQl2ui
665,Ashley Chastelain,Enterprise On-Ramp,achastelainig@youtu.be,Koepp-Kerluke,RmIMFXYmZ,swdZEDKfyzv
666,Afton Piff,Enterprise,apiffih@wp.com,Morissette Inc,Asiq2x2TDZx,NbwHTkMvwi
667,Giorgio Oertzen,Enterprise,goertzenii@slate.com,"Torp, Stroman and Bechtelar",MKVY5jxH,WJc8iPsD
668,Morganne Maffioletti,Business,mmaffiolettiij@issuu.com,Cummings-Medhurst,MBcMntu5c,ckzEDl
669,Mina Bus,Business,mbusik@dailymail.co.uk,"Prohaska, Lubowitz and Sawayn",k58k7ki,sf5HcS
670,Lanie O'Sherin,Business,losherinil@archive.org,Abshire Group,gG19944W1c5,B9AmuxW
671,Orson Skrines,Enterprise,oskrinesim@hhs.gov,Willms-Wolff,oh9XZGp5aaC8,wyOG9Rz
672,Darbee Klaas,Business,dklaasin@uiuc.edu,Krajcik Group,Ap8WrFZPpS,aTDjm5
673,Cherianne Booij,Enterprise On-Ramp,cbooijio@cnn.com,McDermott Group,NLYDDri6,gpcnJEdOvjD
674,Neddie Rushman,Business,nrushmanip@jiathis.com,Jenkins Group,KvMYPpITM,Ffds5x4wVR9
675,Darcie Bendson,Developer,dbendsoniq@msn.com,"Maggio, Blick and Boyle",TNzqqd,aPsxo6ExvGg
676,Rog Orro,Developer,rorroir@usda.gov,"Ledner, Bayer and Feil",tcsZ8r,ONhzENMN7
677,Fifine Sperrett,Developer,fsperrettis@linkedin.com,Okuneva-Littel,CXbwL9lKiE,xDCecPQKqRT
678,Christophorus Sleath,Enterprise On-Ramp,csleathit@va.gov,Green-Ward,8FDcw0,zUVlMYyPC
679,Vicki Holmyard,Enterprise On-Ramp,vholmyardiu@huffingtonpost.com,Cruickshank-Rowe,c7oy81UJl9kr,9t6dXYuyavr
680,Tandi Pierri,Developer,tpierriiv@skype.com,Bartoletti Group,9HpYPL4,XwDjUUOSYMr
681,Jilly Buey,Enterprise,jbueyiw@goo.gl,O'Reilly-Dach,EeWF1I0,dg2hke
682,Martyn Airds,Enterprise On-Ramp,mairdsix@ca.gov,"Daugherty, Will and Kunze",I4WkO3,jgTXjO3Bt
683,Evey Alpes,Developer,ealpesiy@a8.net,Rutherford-Hudson,bAgK8Z2,FSn5ytnz
684,Annetta Murie,Business,amurieiz@who.int,"Senger, Klocko and Hamill",lDjmtk9,DmzqLafT
685,Bevin Meaney,Enterprise,bmeaneyj0@skyrock.com,Schmitt LLC,UQsXvsZMTugQ,SSLRrZ8FYeVj
686,Kippy Hastin,Enterprise On-Ramp,khastinj1@examiner.com,Torphy Inc,Afsa4Vyx5k,6dVVJzaOe2
687,Bernete Novotna,Developer,bnovotnaj2@ted.com,Halvorson-Sawayn,T9RBrAf7t,WsR5ZNnUc
688,Gizela McCorkindale,Business,gmccorkindalej3@xrea.com,Gaylord-Witting,Q1yZILbdG,xBvc2OF
689,Monika Chinge,Enterprise On-Ramp,mchingej4@answers.com,Rowe-Leffler,Q74PEe,t4qdqDzvqDM
690,Vickie Bonner,Enterprise On-Ramp,vbonnerj5@goo.gl,Lang LLC,eMGGTmp,MelPZvrP
691,Daisy Vowles,Business,dvowlesj6@europa.eu,"Heidenreich, Hoeger and Bashirian",6t85T3,sS4o9p
692,Garvey McGuggy,Developer,gmcguggyj7@ehow.com,Rippin LLC,TbhmhuJJicg,YBBMD3XOdjc
693,Pattie Rawls,Enterprise On-Ramp,prawlsj8@squarespace.com,Connelly Group,TIDj6Fw5uUs,Feh5TzOdx
694,Olia Lackemann,Enterprise On-Ramp,olackemannj9@exblog.jp,Fritsch Group,qDJ6uZKth3on,aYYa2k
695,Maridel Mouget,Enterprise On-Ramp,mmougetja@aboutads.info,Ritchie and Sons,3MM74xy,MXHu04
696,Ida Stening,Enterprise On-Ramp,isteningjb@privacy.gov.au,"Dietrich, Bernhard and Nitzsche",Pmc9fpYgeNCR,0u2q2BHa1
697,Mary Scola,Developer,mscolajc@cloudflare.com,"Mitchell, Fahey and Schneider",QhbGgKs,em32tc0PCud
698,Corri Jimmison,Developer,cjimmisonjd@thetimes.co.uk,Shanahan-Reilly,ZTsBgOS,qgAuLBhu0BwI
699,Madalena Prothero,Business,mprotheroje@hp.com,Shields-Baumbach,p2vGXZb6E,bjc2hDl
700,Natasha Cornfield,Developer,ncornfieldjf@epa.gov,Kulas Group,CTyLWYfRl,6TaULBzi2wU
701,Yard Edsell,Enterprise On-Ramp,yedselljg@trellian.com,Fritsch Group,CEPV6u34,3y0ctv7
702,Ilyse Gornar,Business,igornarjh@alibaba.com,O'Reilly and Sons,ifOlsyQt8ik,HtTi35AanS
703,Tallulah Tedorenko,Enterprise On-Ramp,ttedorenkoji@ed.gov,O'Reilly-Luettgen,eXOxabbkQ,v4mULRnpGjq
704,Vida Orrom,Enterprise,vorromjj@creativecommons.org,Cronin LLC,mbXPsx40Gzv,Sq8xFnH96U
705,Phyllis Danat,Business,pdanatjk@forbes.com,"Kutch, Davis and Cronin",Js7hni,maZ5trN9KU
706,Vernon Iwanczyk,Enterprise,viwanczykjl@parallels.com,"Orn, Romaguera and Schamberger",31THezuz,iwgRy711E
707,Ozzy Myrkus,Enterprise,omyrkusjm@sfgate.com,Daniel-Renner,vFzZwtKj,zeFDQQtkb4E
708,Kathye Carolan,Enterprise On-Ramp,kcarolanjn@economist.com,McDermott Inc,hTJQdh8,yOQXLWv
709,Melisse Sealey,Developer,msealeyjo@comcast.net,Funk Group,AyNWb9,egzhaANrqWp
710,Yettie Kearey,Business,ykeareyjp@squarespace.com,"Harber, Weimann and Schiller",ZSzIbod7,A8HRdCZTtX
711,Kellyann Pyffe,Enterprise On-Ramp,kpyffejq@si.edu,Klocko-Skiles,MejgKs7TW,99BtWGLz
712,Sumner Ardern,Enterprise,sardernjr@marriott.com,Howe-Hilll,WCcaPC2m,sdFzAVr
713,Coop Habert,Developer,chabertjs@icq.com,"Lockman, Schowalter and Heaney",Yowu5Iee,nbQ0bFqngc
714,Caryl Zucker,Developer,czuckerjt@sohu.com,Heathcote-Wilderman,HQzAnnRcg,yCB1NISopo
715,Mommy Bras,Business,mbrasju@mayoclinic.com,"Wisozk, Halvorson and Gulgowski",6B2jmUVHXhCd,FucgOvEFn
716,Humfried Clara,Enterprise On-Ramp,hclarajv@surveymonkey.com,Bernier-Grant,IH2wlqa3v3,V93kaH3
717,Saloma Loftin,Enterprise On-Ramp,sloftinjw@aol.com,"Brakus, Streich and Smitham",SJZEnaCN0,hkARKQEH3a
718,Edna Petru,Enterprise On-Ramp,epetrujx@narod.ru,Sanford-King,8ifL5As,zLI10kPGKPW
719,Kathi Charley,Enterprise,kcharleyjy@gravatar.com,Homenick-Wiza,3CJUNR31pUeb,MzAypOPC
720,Floria Seakin,Business,fseakinjz@studiopress.com,Haag and Sons,HDk62HX,FO1rfC2Sv
721,Joyce Brummitt,Enterprise On-Ramp,jbrummittk0@hud.gov,Romaguera and Sons,tDjQIi,1fTft1
722,Lilli Noddles,Enterprise,lnoddlesk1@creativecommons.org,Emmerich Group,l64UAE,M1XG8KsZG
723,Allianora Bigglestone,Enterprise,abigglestonek2@pcworld.com,Quigley LLC,3X84TaXtWvpo,VaXegie2Fprt
724,Ranna Blodg,Enterprise On-Ramp,rblodgk3@sogou.com,Denesik-Kshlerin,SBGLXQg6,b75oSk8Jc
725,Palmer Dymick,Enterprise,pdymickk4@google.co.jp,"Will, Lehner and Hoeger",hBmdsXPuM,KsZVLiGYtvK
726,Torre Geekin,Developer,tgeekink5@ustream.tv,"King, Treutel and Mosciski",6ql9PY1gl,iCNlyBNZ
727,Ferguson Haffner,Enterprise On-Ramp,fhaffnerk6@cnet.com,Stoltenberg and Sons,tNpq5Vst8w,5Vmzsk
728,Florida Froom,Enterprise,ffroomk7@barnesandnoble.com,"DuBuque, Reinger and Schaefer",LCf24lRTvw,IBSJXUG
729,Marmaduke Kerfod,Enterprise,mkerfodk8@uiuc.edu,Adams-Nitzsche,ge6ayhDS2,VGBGKlzdV64m
730,Pru Caltun,Enterprise,pcaltunk9@cyberchimps.com,Jacobi Inc,1OCdY3zn,1ifkzdc3
731,Ivonne Saturley,Enterprise On-Ramp,isaturleyka@usgs.gov,Kunze-Lesch,rWHktDHp,QRMiQtj
732,Neill Drewery,Developer,ndrewerykb@answers.com,Kuhn Inc,s2H6ByLF56H0,Dh7h8ZBS
733,Malina de Clerk,Enterprise,mdekc@pen.io,Keebler-Sawayn,EVTpGdg1tU,MMa2THJeCp
734,Xylia Pidduck,Business,xpidduckkd@domainmarket.com,Farrell-Dickinson,wP5KBBu,BUvWdTZi
735,Dannye Heliot,Enterprise,dheliotke@lulu.com,"Jaskolski, O'Connell and Herzog",FnN4Vi9,WEUPzxoZlR
736,Roshelle McCrone,Developer,rmccronekf@godaddy.com,Hodkiewicz-Johns,TqB7iZjKKD,GQaifX1Qka
737,Jeannine Hurles,Enterprise On-Ramp,jhurleskg@google.ru,"Kassulke, Pouros and Turcotte",YrQ3YLmd,ugryovb8nY
738,Saxon Rivlin,Enterprise,srivlinkh@wisc.edu,Oberbrunner-Hand,5uVHKIWaz2,hVjtWFRtIMQ
739,Ozzie Viles,Business,ovileski@amazonaws.com,"Schuppe, Marks and Herman",ODEiWA,TJoOn1b
740,Kacey Abley,Developer,kableykj@tmall.com,Schuppe Inc,yCCtpmQIUVw,39yEMMiM
741,Kylen Yearsley,Developer,kyearsleykk@biglobe.ne.jp,"Wyman, Bartell and Glover",u6jr36Z,ZXcyF33mYdNT
742,Marv Richly,Enterprise,mrichlykl@reddit.com,Wehner-Parisian,LoWrHO,s5OQnQnlz
743,Joletta Skones,Enterprise,jskoneskm@google.co.jp,"West, Grimes and McClure",oBWLGolcoAR,LBmL7Qd
744,Mattias Duny,Developer,mdunykn@cbslocal.com,"Rath, Adams and Thiel",XAvfHWXt,q6HHU4l2
745,Waldon Witul,Developer,wwitulko@columbia.edu,"Bailey, Halvorson and Dach",PqTTt3,4pgwoT
746,Marcy Omrod,Enterprise,momrodkp@youtu.be,Goodwin LLC,4NcKxJFxBtOC,nh2OrvOwLqgN
747,Anne-marie Farmar,Business,afarmarkq@php.net,Beier-Rowe,VJl8DQx4Xz,AbaJf3MoV3
748,Jeanna Sealeaf,Developer,jsealeafkr@sourceforge.net,Balistreri and Sons,J3vZpDhad,qQkKkcKqG
749,Isabella Carnell,Enterprise On-Ramp,icarnellks@cornell.edu,"Fahey, Welch and Walker",2SsxlIY,zqzTWsVSMh
750,Clotilda Pulbrook,Enterprise,cpulbrookkt@msn.com,Wintheiser-Dicki,aJuv1FDF,gvi2Nkr9PR
751,Chelsea Gerber,Enterprise,cgerberku@washingtonpost.com,"Kemmer, Ondricka and Carroll",6sglARq5rVjn,ucJZnF4q
752,Onofredo Mitchell,Enterprise On-Ramp,omitchellkv@illinois.edu,"Rau, McDermott and Von",Xf5Dn1mpCZ,w1t9ljTx2O
753,Weylin McParland,Enterprise,wmcparlandkw@weather.com,"Dickens, Lockman and Rice",0JspZvn5,sEt6CQ
754,Zondra Posnette,Developer,zposnettekx@who.int,"Orn, Gleichner and Murazik",3UZtrDWM,EuIOV2tIIdUi
755,Evy Wolverson,Enterprise,ewolversonky@freewebs.com,Gleichner-Berge,LfkTJspdUz,v1gLGiNYXnW7
756,Valaria Rickaert,Business,vrickaertkz@noaa.gov,"West, Balistreri and Cartwright",MjB9ZG,YBK9Gh
757,Wakefield Keoghan,Business,wkeoghanl0@blog.com,Gutmann-Gulgowski,ieKi5Fo4e,Fle0Tb5gj
758,Davidson Kuhl,Business,dkuhll1@mail.ru,Lakin-Moore,pkM6ifFlWcAu,7DTa9Cq1bA
759,Sacha Tatershall,Developer,statershalll2@zimbio.com,"Christiansen, Dibbert and Reichel",Tlp4lKwG,8ShnwB
760,Riannon Jablonski,Developer,rjablonskil3@tmall.com,Christiansen Group,qN0jiLo5D,paPbtuLKVl8Z
761,Aleksandr Hagger,Developer,ahaggerl4@sogou.com,Shields LLC,7tIkLvmmZfYv,mGCy3Pt3j
762,Camel Hardin,Enterprise,chardinl5@drupal.org,"Metz, West and Cummerata",n3xJ9vt2,ujjek264vTV9
763,Eb Kelway,Business,ekelwayl6@fastcompany.com,"Leffler, Kuhn and Fay",Cx0WpVOv1B2w,OkI8NZg
764,Jessie Lockyer,Enterprise,jlockyerl7@mit.edu,Strosin-Murray,wplB7c729M,7BziHLO
765,Janelle Loosemore,Enterprise,jloosemorel8@uol.com.br,O'Hara-Johnston,k7tKwjHYO,pzF6XOv
766,Thaddus Foy,Enterprise,tfoyl9@unblog.fr,Von-Schiller,VU7TdPR5PywA,D5rSpaw8NE
767,Galina Carnell,Enterprise,gcarnellla@skype.com,"Christiansen, Zieme and Steuber",3eupfGqKD3od,OG7xUtap
768,Ivor Drewitt,Business,idrewittlb@webs.com,Padberg-Hirthe,Triok8dJQyO,uQM4YDh5F
769,Montgomery Nairn,Developer,mnairnlc@cargocollective.com,Kulas-Moore,4BW7TNCjc,3qZR8Z6EuTtu
770,Kay Portail,Enterprise,kportailld@abc.net.au,Dach-Mraz,BTvSmF6gbam,aDqvFjEMV5
771,Yoshiko L'oiseau,Developer,yloiseaule@yandex.ru,"Funk, White and Balistreri",l33CB1,jKAU0R5hLEVM
772,Twila Whitehurst,Developer,twhitehurstlf@reference.com,Collins LLC,TXrf1ACd,JtKGXP2W
773,Cassius Speed,Enterprise,cspeedlg@usgs.gov,"Denesik, Mertz and Bechtelar",FCDfpWV,Cvu9bkU2033
774,Goldarina Semarke,Enterprise On-Ramp,gsemarkelh@addthis.com,"Moore, Hane and Kris",MzLrbu,eNkoiyMT
775,Sophie Harcarse,Business,sharcarseli@alibaba.com,Jenkins and Sons,tYDyAJz1a,WTyvXvgrI
776,Heindrick Baradel,Business,hbaradellj@state.tx.us,Abshire LLC,7A4ycpJp,FoBmOeCc
777,Meris Banford,Enterprise,mbanfordlk@xinhuanet.com,"Aufderhar, Ernser and Schultz",17SI7f7DI,fSnh0k1VB
778,Leopold Cruxton,Enterprise,lcruxtonll@census.gov,Jakubowski-Klocko,xFFZID5eSYkp,1AG1Es7JOWD0
779,Erica Scarasbrick,Developer,escarasbricklm@reuters.com,Schmitt-Senger,E0JACyO5,c35d9ehdbP
780,Daile Langsdon,Business,dlangsdonln@globo.com,Bednar-Labadie,DFp1T2Jv9j,2uRcWY1
781,Rolf Girvin,Business,rgirvinlo@netvibes.com,"Ruecker, Hintz and Gerhold",XtIQejC,YsXOf0ZTj
782,Eldin Dudenie,Developer,edudenielp@amazon.co.jp,"Kohler, Rau and McGlynn",08xZ2WylJJ,t3xqG5f15
783,Mirilla Strand,Enterprise On-Ramp,mstrandlq@mediafire.com,Kihn Inc,CcOwTw1miMwJ,28JYv0GE
784,Anselma Linden,Enterprise,alindenlr@yahoo.co.jp,Langworth Group,1CrJRW4exwkT,lolPWRdN
785,Drew Janton,Enterprise On-Ramp,djantonls@youtu.be,"Kessler, Flatley and Hammes",XZYgtznD9d,QLa3cOra
786,Baudoin Stivey,Enterprise,bstiveylt@theglobeandmail.com,Smith Group,GKUId7dFJZm,fmeG4PUMeoB
787,Hussein Meneo,Enterprise On-Ramp,hmeneolu@cbslocal.com,"Willms, Deckow and Botsford",OYExGNHMhy,QqFztxae
788,Catherine Francescone,Enterprise On-Ramp,cfrancesconelv@youtu.be,"Hilll, Leannon and Powlowski",5tloIyGiyNz,2E5O1vgk
789,Hurley Davet,Enterprise,hdavetlw@independent.co.uk,"Larson, Klocko and Ledner",5f7bVL,Ol1OdG
790,Sileas Bard,Enterprise On-Ramp,sbardlx@sogou.com,Hauck-Miller,6w97nHOG7v,61mmXMSXmO
791,Gweneth Yandle,Enterprise On-Ramp,gyandlely@sciencedaily.com,Johns Group,d4Fqg3Fi,YAYyzkspoy8
792,Jory Scini,Enterprise,jscinilz@dagondesign.com,"Becker, Stanton and Barton",bnKPGhibIr,XTdlwWO
793,Belva Willgoss,Business,bwillgossm0@t-online.de,Mohr and Sons,kpi6bn,j8ga1s
794,Wilt Chance,Business,wchancem1@archive.org,"Wiegand, Russel and Schultz",XWQ9xdmoPCh,32DbyVJXh
795,Debby Oliveira,Enterprise,doliveiram2@comcast.net,"Heaney, Borer and Dibbert",OPB0egA,PD5Zyicor9
796,Bryna Deboick,Business,bdeboickm3@usatoday.com,Rodriguez-Kuphal,cQjw2L,zYE5qudvN5kx
797,Israel Mitrikhin,Enterprise,imitrikhinm4@wisc.edu,Spencer Inc,kNeVAuld5,dhKORzTABI
798,Mufinella Temporal,Enterprise,mtemporalm5@webeden.co.uk,"Lockman, Gulgowski and Dibbert",WhYIoKEPE,rKVb57VsJFsZ
799,Egon Vannuchi,Business,evannuchim6@homestead.com,"Pacocha, Russel and Stoltenberg",5wmsP7,vQI3yQy0Ixg7
800,Ikey Medley,Developer,imedleym7@ask.com,"Senger, Wiza and Reichert",9wLDq52F5e,CfPOHaK
801,Shermy Ten Broek,Developer,stenm8@clickbank.net,"Hahn, Kuhn and Watsica",kWZFnBQGnePV,szLj8embj7Jy
802,Dayle Speeks,Business,dspeeksm9@yolasite.com,D'Amore Group,g94nuzktoZN,V1budbLnF6
803,James Kynforth,Developer,jkynforthma@wired.com,Greenfelder-Sanford,Z2eWY0QbgfLe,8aqC8qz0dR
804,Cami Bath,Business,cbathmb@plala.or.jp,Stracke Inc,Uc6S91WBn,NrDPhtl6Q2
805,Ezequiel Tozer,Developer,etozermc@xing.com,Kuhic-Toy,zX7Bnhw,X0m2LYv
806,Janetta Gehring,Enterprise On-Ramp,jgehringmd@yandex.ru,Shields-Jaskolski,wik1ixx1xLYB,Nfsls2IGx
807,Gusta Elford,Enterprise On-Ramp,gelfordme@usatoday.com,Schulist LLC,nRRMLvrv6AA,ERcVfb8p
808,Kiley Goodlet,Enterprise,kgoodletmf@woothemes.com,"Williamson, Altenwerth and Kohler",KvWYH5bi32c,2RLpjaZANTx
809,Sue Sprackling,Business,sspracklingmg@webs.com,Bogan and Sons,4VOpsu7leTEf,eU42qZ1VFNp3
810,Thorvald Witts,Enterprise On-Ramp,twittsmh@booking.com,Bins and Sons,WvbHWKkvh,51qP35Qhb3q
811,Nicolina Nealon,Developer,nnealonmi@google.com,Wehner-Hauck,1KqbWkC,dHUVft3bhg
812,Cello Tuxwell,Enterprise On-Ramp,ctuxwellmj@dagondesign.com,Kshlerin-Wintheiser,tvvx5JGeQeTT,Wc6DMcWkQ6L
813,Guthrie Archdeacon,Business,garchdeaconmk@cyberchimps.com,Gusikowski-Ankunding,MRL0daL,DfqEfyk
814,Terra Filippone,Enterprise,tfilipponeml@smh.com.au,Stehr LLC,jFfXhns,3WcenSB8B7O
815,Chrystel Mole,Business,cmolemm@issuu.com,Hahn and Sons,2SQVOZYZ4ng,GsLe7he
816,Sheilakathryn Daniellot,Enterprise On-Ramp,sdaniellotmn@nymag.com,Heathcote-Wunsch,AhOYS9dlOmV,jPk2Ya
817,Shari Issacoff,Business,sissacoffmo@telegraph.co.uk,Paucek-Ernser,O24NkzDt7N,YSpnZAG
818,Hermon Rosnau,Developer,hrosnaump@yelp.com,Kutch Inc,EqQkrLXhIU3k,psbsl6XYaMWv
819,Madalena Edghinn,Enterprise On-Ramp,medghinnmq@sciencedaily.com,"Koch, Kling and Dickinson",4esjCh,khVj7atG5e
820,Colleen Thomelin,Business,cthomelinmr@independent.co.uk,"Murray, Kutch and Romaguera",LOTxxr6,6qK0f4Y0x
821,Niels Skerme,Developer,nskermems@ucsd.edu,Kohler-Jacobi,Yj9HwTEwXp,qUH9NdW
822,Dorothee Rubinek,Business,drubinekmt@g.co,"Littel, Bosco and Morissette",3XChmyFwl3,QpISpG
823,Cathlene Sallows,Developer,csallowsmu@china.com.cn,Cummings-Gaylord,kpW9nIvSca,nSKU3NrRe
824,Wendie Worsam,Business,wworsammv@umn.edu,"Stanton, Strosin and Willms",1OioRGuRcAQJ,1dIaET
825,Malvina Lulham,Business,mlulhammw@blogger.com,Luettgen Inc,VgZMnj4,JwwHJk5TpUtZ
826,Renie Tupie,Enterprise,rtupiemx@lulu.com,Huel-Greenholt,gTHOiqV4DI1,Lf3uzo5
827,Van Hutchings,Business,vhutchingsmy@toplist.cz,Quitzon-Hilpert,gWstx9,R3QSL4bR
828,Jennee Cowherd,Enterprise On-Ramp,jcowherdmz@istockphoto.com,Stark-O'Conner,NZjzcRIy,EYv5TK
829,Jordana Donnelly,Enterprise,jdonnellyn0@taobao.com,Daugherty Inc,xTKISx,9FQECDav2Iy
830,Cass Polycote,Business,cpolycoten1@elegantthemes.com,Sawayn-Dooley,kJHj9IlWV,QeRHInKF0Ou
831,Fredric Mennear,Business,fmennearn2@ftc.gov,Schroeder-Rau,ku4OSZAgXOMO,jQY7k7sMTa
832,Margaret Buncombe,Enterprise On-Ramp,mbuncomben3@ca.gov,Jakubowski and Sons,e2MkoagozEZj,OrI80A3
833,Jan Sheards,Enterprise,jsheardsn4@elegantthemes.com,"Kuvalis, Fay and Strosin",TfWhxUC,OX1ItUfe
834,Kay Quinnelly,Enterprise On-Ramp,kquinnellyn5@rambler.ru,Christiansen Group,HDrxDnxYkxpj,6CQ1wwZRFf
835,Ashil Knewstubb,Business,aknewstubbn6@unicef.org,Mante LLC,gCCR9Xs,GgtbhG
836,Miran Jahnisch,Enterprise On-Ramp,mjahnischn7@fotki.com,"Paucek, Bechtelar and Berge",7AD8T1yM,SnWjyPliF6U
837,Gail Padillo,Developer,gpadillon8@cargocollective.com,Weimann and Sons,se2mBNN1,W6vTvAo8pm1W
838,Xever Manthorpe,Developer,xmanthorpen9@multiply.com,Daugherty-Gerhold,ssxl1HFHKI,3oq54Xnx
839,Tori Casol,Developer,tcasolna@sina.com.cn,"Wolf, Herman and Bernhard",2vP2orN,KPo2saJYf
840,Myles Luno,Developer,mlunonb@joomla.org,Luettgen and Sons,IdGtQf,GD1jBG3
841,Mattie Klehn,Developer,mklehnnc@gov.uk,Ferry Group,JfgTQk,arn4cUHhC
842,Chicky Roberto,Enterprise,crobertond@so-net.ne.jp,Oberbrunner-Yundt,G9YpSBYLD4Kn,ig0rgXoMwNA5
843,Olympe Measey,Enterprise,omeaseyne@biblegateway.com,Wolf-Runte,b6y3B81mt,eZqBnbUU
844,Mario McRamsey,Developer,mmcramseynf@irs.gov,Sporer-Emard,m78b81jwa,xmhFg4
845,Claudine Geratasch,Enterprise,cgerataschng@bigcartel.com,Lubowitz Inc,qo2sTvVseR,28qt5D
846,Boot Kemball,Business,bkemballnh@wordpress.com,Cremin-O'Reilly,TTVvFOG,FGk1NnArp
847,Heida Cropton,Enterprise On-Ramp,hcroptonni@salon.com,"Waelchi, Cole and Mitchell",1gZ3l1ZQ5J4,IDZ4I09
848,Emanuele Anchor,Business,eanchornj@globo.com,Satterfield-Jaskolski,ey5hd9jKAyaT,4VudLbV
849,Dell Skerritt,Developer,dskerrittnk@histats.com,Schuppe-Koss,uiF9ld,aypD2Jo
850,Kai Magwood,Developer,kmagwoodnl@geocities.jp,Gaylord-Lehner,aTr7zdUJ,JmkMIY8
851,Julia Dinjes,Enterprise,jdinjesnm@guardian.co.uk,Bashirian and Sons,PA5DP2FhHkaq,mR9Yf3P
852,Lincoln Dolby,Business,ldolbynn@google.cn,"King, Miller and Hoppe",ntX8dcw4q9,IgihgC0b2
853,Warner Wychard,Enterprise On-Ramp,wwychardno@accuweather.com,Harber-Oberbrunner,7vrHuL3JVHMA,3EVX8E
854,Janie Eustis,Enterprise,jeustisnp@tumblr.com,"Johns, Trantow and Howell",X45CBdksxsAx,IBvBgw1U
855,Hyman Studdal,Developer,hstuddalnq@ovh.net,"Schneider, Mayert and Towne",kS1Ne039,k4MRMXcqr
856,Philip Negro,Enterprise,pnegronr@so-net.ne.jp,Altenwerth-Cormier,O3aoyt7ZYs,C7hlG59Hm5Y
857,Erna Greatorex,Enterprise On-Ramp,egreatorexns@netvibes.com,Cruickshank-Koepp,twQZmepL9RO,aE6hug
858,Devon O'Hallagan,Enterprise On-Ramp,dohallagannt@parallels.com,Graham Group,v0Edpxtxem,eERl4ex8y
859,Ingra Lampet,Developer,ilampetnu@joomla.org,Jakubowski and Sons,4b8CeJ3gWnd,uqcrJ65ALT
860,Saidee Curley,Enterprise On-Ramp,scurleynv@dropbox.com,Leuschke-O'Reilly,0ZKKkmTRg8,2ciQZyc
861,Venita Aguirrezabala,Business,vaguirrezabalanw@networkadvertising.org,Cronin-Schuppe,BSjK5EHqE8jp,oyDHdeTm
862,Christa Durek,Developer,cdureknx@example.com,Braun-Runolfsson,9R9gD9x,CBuuTPfoD7D
863,Berri Candey,Business,bcandeyny@bravesites.com,"Nienow, Bayer and Wunsch",WfyiyUrLZNvs,ZCL7wH
864,Irene Whales,Business,iwhalesnz@rakuten.co.jp,Renner and Sons,45a3Hk,2I6btjInpYcg
865,Annecorinne Imort,Business,aimorto0@shinystat.com,Wisozk Inc,jWnt8mb,dahPgX5hc
866,Merrili Walsh,Enterprise,mwalsho1@amazon.co.uk,"Baumbach, Glover and Swaniawski",NjJgTCPwluI,lDHFi7
867,Sonni Stenson,Enterprise On-Ramp,sstensono2@guardian.co.uk,Kling Group,W6IlIcgdH,VdHNCMz
868,Linea Di Iorio,Enterprise On-Ramp,ldio3@youtu.be,Baumbach LLC,VTMzmLm8yp,AlGg45wwuRu
869,Glynnis Henriet,Enterprise On-Ramp,ghenrieto4@sciencedirect.com,Kling-Toy,9nCCeQK0Iy,JnouX4Rsm
870,Ethel Sawood,Enterprise On-Ramp,esawoodo5@mozilla.com,"Ratke, Ullrich and Hackett",yQ24MtY,rCBL8KPfH
871,Tybalt Hogben,Enterprise,thogbeno6@mysql.com,"Hartmann, Macejkovic and Heidenreich",ZocqJUd,Rdcpujl88Ua5
872,Moshe Grandin,Developer,mgrandino7@skype.com,"Medhurst, McDermott and Hirthe",MVoVPSxoq,vbdsYM
873,Wilden Bierling,Enterprise On-Ramp,wbierlingo8@furl.net,Runolfsson-Langosh,uxfLY0qS3ue,z2284o994
874,Wallas Brothwood,Enterprise,wbrothwoodo9@blogger.com,"MacGyver, Runolfsdottir and Schroeder",36Qbzp,29cQCSTX
875,Freeland Lesmonde,Business,flesmondeoa@illinois.edu,"Kertzmann, Buckridge and Langworth",sBaiBu,ppwJioIaALN
876,Krystle Pluthero,Enterprise On-Ramp,kplutheroob@sun.com,Sauer-Herman,d6BC7sjrqJ,RzZlbhAC
877,Humfrey O'Loughane,Developer,holoughaneoc@msu.edu,"Hermann, Larkin and Boyer",vr5HhR5,Jma1NOHpzu
878,Catrina Locket,Enterprise,clocketod@wikispaces.com,Becker LLC,1Atdflia,fwEz35F1EVmr
879,Joan Chong,Enterprise On-Ramp,jchongoe@boston.com,Herman-Green,6CQTO5GxYMm,dAzthP
880,Emmeline Matyas,Enterprise On-Ramp,ematyasof@amazon.co.jp,Mueller-Bosco,MfQHMKlg,JxfyMTW6c6
881,Jerrome Ateggart,Business,jateggartog@disqus.com,King Group,KNeC8pTB8bTJ,FbbeEX0mZPQ
882,Maurits Scanlin,Enterprise,mscanlinoh@irs.gov,Ebert-Johnston,OvMfiApHhX29,OtXiRHDHDmkN
883,Alia Gealle,Enterprise On-Ramp,agealleoi@cocolog-nifty.com,Brown-Wyman,3jxjiozfUsvB,1ET8YZ
884,Corabel Smithson,Business,csmithsonoj@washingtonpost.com,Predovic-Hessel,XeciuhfkfFjK,ht7T1n
885,Kaia Giordano,Developer,kgiordanook@hibu.com,Champlin and Sons,Av2agG5rK,D7z24b
886,Urbano Frede,Business,ufredeol@theglobeandmail.com,"Weber, Legros and Kuhlman",ZSNL6IjaIvl,TK6euO8YQ
887,Adi Francioli,Developer,afrancioliom@nymag.com,Thiel Group,98c5jN,5elKo0GI
888,Marlo Keiling,Developer,mkeilingon@wordpress.org,Zieme-Senger,fAJxdCG,FYIzPVu
889,Maddy Dolan,Business,mdolanoo@pbs.org,Williamson-Corkery,HkTX6VY0,1vVaqN
890,Lorelei Camidge,Enterprise On-Ramp,lcamidgeop@about.com,Purdy-Parisian,mc2x4fd,ImLHIH4Q
891,Mozelle Romera,Developer,mromeraoq@zimbio.com,Schimmel-MacGyver,l0ix1Kem8AK4,zOe1dWUo
892,Harri Leworthy,Enterprise,hleworthyor@wikipedia.org,Ziemann-Hills,sh6DCCp,JTgwufbs
893,Crawford Kores,Enterprise,ckoresos@aol.com,"Ullrich, Denesik and Romaguera",6sMBpz,98FED0Krrz
894,Constantin Staite,Enterprise,cstaiteot@pbs.org,"Kilback, DuBuque and Fahey",CTYaJyOM,6psqA3XS2fa
895,Gratiana Toombes,Enterprise On-Ramp,gtoombesou@nymag.com,Schuster-Grady,rBe6L90YYKm,zs8p3l
896,Eugenius Donnel,Developer,edonnelov@vkontakte.ru,"Pagac, Welch and Tillman",zqxenw,zZXEJb9lE
897,Brittany Lyon,Enterprise On-Ramp,blyonow@lycos.com,Koch-Marvin,YZcAZM,WNyCHq
898,Eleen Watt,Enterprise On-Ramp,ewattox@miitbeian.gov.cn,Zulauf and Sons,X6S2te,ISLFpM1C19
899,Major Toolin,Business,mtoolinoy@ftc.gov,"O'Connell, Champlin and Bergstrom",xstTWg2RsrN,hDWy6B0iB
900,Merry Lages,Enterprise On-Ramp,mlagesoz@fc2.com,"Tromp, Terry and Fadel",k5bp2jN1,1aQEGAV4HZ
901,Constantin Durn,Enterprise,cdurnp0@hexun.com,"McCullough, Kessler and Zulauf",ustGNTyouT,bJjsDNbMoZ
902,Laetitia Trynor,Enterprise,ltrynorp1@berkeley.edu,Quitzon-Stark,g778adSZU,Tj6SLEU7C
903,Crawford Fleote,Business,cfleotep2@dmoz.org,Hagenes-Beatty,jXa1FeEe,YPSf2Iuhgzq
904,Nicol Cregg,Business,ncreggp3@sciencedirect.com,Quigley-Walsh,Y4i341R,jvTnB0
905,Niall Jewell,Developer,njewellp4@weather.com,"Hettinger, Cole and Schimmel",EaQU9lzR,bQ8B33Gv3
906,Remington Macrae,Enterprise,rmacraep5@odnoklassniki.ru,Blick Inc,L0MYmbBdemP,UWABGB
907,Juliana Jantel,Business,jjantelp6@goo.ne.jp,Wisoky-McLaughlin,SIhsU4zHpdq3,Uz4TZ3UhD
908,Simona Ilson,Business,silsonp7@furl.net,"Kris, West and Cremin",Ipoy6EAiNLRh,V8YFpdq7
909,Saloma Drinnan,Developer,sdrinnanp8@ebay.com,Christiansen Inc,ppkMFZCZP,rVyq8bwF
910,Ezmeralda Blasl,Enterprise,eblaslp9@list-manage.com,Kuhic Group,3GQ9Vhp,h0WkOwZNy
911,Jordain Casarino,Enterprise On-Ramp,jcasarinopa@wisc.edu,Upton Inc,d1FT0kDdu,y2V6jMun2D
912,Florella Swanbourne,Developer,fswanbournepb@cafepress.com,O'Reilly-Lueilwitz,HzoHWVjwUkB,RSzgpxbD
913,Mauricio Spurdle,Business,mspurdlepc@kickstarter.com,"Gorczany, Hauck and Lesch",4whniicx,Iy3Pqo
914,Penelope Housam,Developer,phousampd@java.com,Harris-Hodkiewicz,0PUOfE,hrpZXzx
915,Falkner Klambt,Business,fklambtpe@tripod.com,Bailey Inc,4WyAVG6Z,0vukYDsOj
916,Fremont Goodsal,Business,fgoodsalpf@tumblr.com,"Padberg, Kozey and Heidenreich",OfTOIPshOW,5E7snpBvlYWI
917,Avigdor Oldacre,Enterprise,aoldacrepg@amazon.com,"Ondricka, Jones and Kassulke",FNEwrsjDVKT,78icW0WP
918,Harri Achrameev,Business,hachrameevph@abc.net.au,"West, Hamill and Champlin",LFA8MvpvCRDP,rmxHpXoK
919,Hastings Kochlin,Developer,hkochlinpi@cdbaby.com,"Crooks, Hayes and O'Conner",6PAkgv7GXu1q,lcIRBICh
920,Marina Millichip,Enterprise,mmillichippj@hc360.com,"Koelpin, Muller and Ankunding",3X2MzWBZB,kP3kaT28ByY
921,Tammie Bendin,Business,tbendinpk@blogs.com,"Kuhn, Little and Hamill",HlZNGThZnV,fjcEsix8Tr10
922,Myrle Hegarty,Business,mhegartypl@com.com,Kuhn Group,jBWpkDD,2SUrOx7p
923,Flem Witheridge,Developer,fwitheridgepm@nba.com,Thiel and Sons,XnHTDrNB5YBl,GQmNReH
924,Erroll Rudall,Enterprise On-Ramp,erudallpn@flickr.com,Smitham-Thompson,cNULC6,tVHYszIpn
925,Lisbeth Frobisher,Enterprise,lfrobisherpo@independent.co.uk,Frami-Swift,4FcW6S,5LWABI5ta
926,Albrecht Maccree,Enterprise,amaccreepp@furl.net,"Kshlerin, Lind and Rolfson",qo7Sl597d,u6MebBLLKhzN
927,Dennison Gladman,Enterprise On-Ramp,dgladmanpq@mapy.cz,Bashirian-Bechtelar,y2NpblR9b,eCOaHD
928,Maxi Fosberry,Developer,mfosberrypr@deviantart.com,Nikolaus Inc,pWOUvnRx,bIFIImnI
929,Tom Abbet,Enterprise On-Ramp,tabbetps@acquirethisname.com,Moen Group,Ttv3rZJ0hxiO,rhCAdencYs
930,Willie Fidilis,Enterprise,wfidilispt@t.co,Senger LLC,HiMcr3,SRgell
931,Cosmo Giovannacc@i,Enterprise,cgiovannaccipu@omniture.com,"Dare, Treutel and Gleason",CcfAURQrh,vWcKGNdCxWH
932,Meridith Pippard,Enterprise On-Ramp,mpippardpv@com.com,Daniel LLC,DIMWGhPz6REw,sdmQpJ72Saj
933,Kerr Noades,Business,knoadespw@si.edu,"Dietrich, Schiller and Schuster",AbWIp7sHD,gVf6mjRnUy7h
934,Hoebart Lithgow,Business,hlithgowpx@bloglines.com,Lebsack-Rowe,RkqRc8P1F,GajgrTOZAuOr
935,Nealon Linzey,Enterprise On-Ramp,nlinzeypy@wunderground.com,"Heller, Denesik and Ryan",VaJFmM9l0A,UCUd9g
936,Keenan Dahlgren,Enterprise,kdahlgrenpz@ocn.ne.jp,Luettgen Group,Dj3cDg,u7l8YzP02
937,Freddie Dailey,Enterprise On-Ramp,fdaileyq0@elegantthemes.com,"Rodriguez, Pouros and Hansen",zPs38q,8QmUtr
938,Casey Gogie,Business,cgogieq1@unicef.org,Gerlach Inc,h9HQ6f3zhV3L,vH37boeQ
939,Zaccaria Corgenvin,Enterprise,zcorgenvinq2@posterous.com,"Rau, Gutmann and Fisher",Dq4AaZsW3KTT,1YfaDVVRM
940,Ber Strettle,Developer,bstrettleq3@about.com,"Kunde, Bailey and Wyman",YeP31en0UR,qP6mk5
941,Tommie McMichell,Enterprise,tmcmichellq4@washingtonpost.com,Schroeder-Effertz,o7vcTuT,fwwQqUX9bzn
942,Cecile Osboldstone,Enterprise,cosboldstoneq5@bloomberg.com,Mueller-Gaylord,MVDeC73c2hV,ftZL9O
943,Amy O'Heaney,Enterprise,aoheaneyq6@mail.ru,Pacocha-Friesen,QupDz6,tdwRJLOBi
944,Korella Troy,Enterprise,ktroyq7@google.it,Gleason-Reichel,9nKkSW,6zW6jCSts1
945,Edi Goodson,Enterprise,egoodsonq8@wunderground.com,Beatty-Ankunding,dFekHlvvt,RZGP3RP
946,Clem Dubois,Business,cduboisq9@fema.gov,Haley Group,qoDcYuOM3zuX,l9n0p2STtNvY
947,Bernadine Harsnipe,Enterprise On-Ramp,bharsnipeqa@123-reg.co.uk,Pollich Inc,rLmauPxNI68,tW2yNS
948,Loralie Maidens,Enterprise,lmaidensqb@businessweek.com,"Kuphal, Bernier and McKenzie",UNQtV8q4ZX,cEzi8Xqj7O
949,Gauthier Ingham,Enterprise,ginghamqc@marketwatch.com,Morar Group,ZXoSCXpw4,ee41W0e
950,L;urette Seeborne,Developer,lseeborneqd@mozilla.com,"DuBuque, Reilly and Hodkiewicz",aWN16BIld2,1zF84SqvmVh
951,Golda Crone,Business,gcroneqe@furl.net,"Watsica, Kuhlman and Heaney",U2xihCymHW,CR2DLL5
952,Suzanna Kornyshev,Enterprise On-Ramp,skornyshevqf@prlog.org,Strosin-Konopelski,26a5iR5,339ST1F
953,Emelina Broggetti,Business,ebroggettiqg@engadget.com,Bechtelar Group,udY5cK,sX92uB
954,Seana Vaud,Enterprise,svaudqh@tinypic.com,"Friesen, Murphy and Paucek",SbLqp8jYu,hZWGEeJFox
955,Dora Richardsson,Business,drichardssonqi@google.com.au,"Luettgen, Russel and Buckridge",NB9RkQZa,DhHQmSv
956,Heidie Boribal,Enterprise,hboribalqj@google.cn,Upton LLC,foqKTSIO,jH9LVEOLfa
957,Gerty Cornner,Enterprise On-Ramp,gcornnerqk@jigsy.com,Lemke-Kohler,uL8uoq1RdkvD,OwreVul
958,Thaddus Seydlitz,Enterprise On-Ramp,tseydlitzql@slideshare.net,Tillman-Bernhard,DcJ9pBmXZe5,PLePqphkL
959,Justus Orrell,Business,jorrellqm@photobucket.com,"Cummings, Grant and Grant",kFsI8hsdIP1j,q6V13e
960,Matti Conman,Developer,mconmanqn@xinhuanet.com,"Lebsack, Brakus and O'Connell",JSIY8Ywm5Blr,NrefjuVF
961,Kassi Lill,Enterprise On-Ramp,klillqo@jimdo.com,"Nicolas, Mayer and Stracke",C312CkS,PU5CeXBL4
962,Adolf Kowalik,Enterprise On-Ramp,akowalikqp@auda.org.au,Ebert-Bauch,q8WlZ5OkPtJ,vZTKb04ydH
963,Jessi Vaskov,Developer,jvaskovqq@t.co,"Little, Bergnaum and Bailey",MJlAdKg,lULIihoJ26
964,Hillel Ricardin,Enterprise,hricardinqr@liveinternet.ru,"McCullough, Block and Hoeger",XoWhL7UjT2h,BYevhtVxrBNM
965,Janine Gerdts,Enterprise On-Ramp,jgerdtsqs@mediafire.com,Jacobs-Tremblay,NxspcuU,vaTRd7PruUI
966,Bail Jauncey,Business,bjaunceyqt@loc.gov,Block and Sons,Tc4cn3WEz,L6QjKb3
967,Joy Hennemann,Enterprise On-Ramp,jhennemannqu@bravesites.com,"Aufderhar, Bode and Kirlin",SVnUmI,EPOuAb6zhn7
968,Dulsea Blackeby,Enterprise,dblackebyqv@surveymonkey.com,O'Kon-Koepp,DQNHAq,zsNVHLIkzcN
969,Stewart Beaument,Enterprise,sbeaumentqw@cloudflare.com,"Leannon, Swaniawski and Cronin",MTCu72wBOVxN,Jy9jvYEz4GlC
970,Hannah Pedracci,Enterprise,hpedracciqx@discuz.net,Hansen Group,NmRdsn,rfCOqzzZS
971,Fredek Dearden,Enterprise On-Ramp,fdeardenqy@cbsnews.com,"O'Conner, Lemke and Bahringer",GCKangi54,mn3i9GsPhd
972,Nanete Mitten,Developer,nmittenqz@stanford.edu,Crist and Sons,o0yjkwQv,ht3Hpj2ij
973,Leonanie Trevers,Business,ltreversr0@blogspot.com,"Nienow, Heaney and Schulist",57ewpLm,k6Y8w4tw4NQ
974,Jobina White,Business,jwhiter1@slideshare.net,Rippin LLC,xT93fcprH,clZdzjhSo
975,Anastassia Idwal Evans,Business,aidwalr2@bloglovin.com,O'Connell-Rogahn,mzXTjYs69,zZSOhb2Wr8GO
976,Fidelio Cashford,Enterprise,fcashfordr3@tmall.com,Kiehn-Dicki,4Yydv90,PeTfpN
977,Dimitry Rate,Developer,drater4@alexa.com,Johnston-Olson,WwZmunhXnHp,kLOwIQe3I
978,Maurise Stud,Enterprise On-Ramp,mstudr5@infoseek.co.jp,"O'Connell, Romaguera and Rosenbaum",QTx51xFoTdCe,KZJenB6LpU
979,Isidore Reims,Enterprise,ireimsr6@list-manage.com,Mills-Gaylord,xkRl0TQ,QaMcH1dQe
980,Patrizia Lamport,Business,plamportr7@jiathis.com,"Ryan, Abernathy and West",hCj1f6O,1xwJpppM
981,Arlyn Radbourn,Business,aradbournr8@t.co,Beier-Bayer,UH1U8AMELrSh,A6frAaJQP
982,Miner Smorthwaite,Enterprise,msmorthwaiter9@nydailynews.com,"Wunsch, Anderson and Schoen",ZO9QKI2M,lVZBqbdhg
983,Adam Pavie,Enterprise,apaviera@aboutads.info,Orn-Brekke,TClh6GouGQf,5ficcsCO
984,North Wright,Enterprise On-Ramp,nwrightrb@flickr.com,Nolan-Welch,mvh53C,prSA95c4zby1
985,Bernie Stanlick,Developer,bstanlickrc@disqus.com,"McCullough, Dach and Johnson",6nQSfao,SM9QmT2WZAqB
986,Aurlie Oliphard,Business,aoliphardrd@vk.com,"McDermott, Schulist and Roberts",4yh6zbQG,ykWOdW
987,Ringo McCaighey,Business,rmccaigheyre@marriott.com,"Hodkiewicz, Conn and Pfeffer",QNqssgJ,oAg1MQQis1
988,Drusilla Ronayne,Enterprise,dronaynerf@nsw.gov.au,Schamberger-Barrows,GIhXNmI,x9SbbGG
989,Harlin Shakespeare,Business,hshakespearerg@java.com,Christiansen-Heller,xf08sp3YTPV,pPIk6Yq
990,Cristine McCuthais,Enterprise On-Ramp,cmccuthaisrh@ihg.com,Gusikowski-Padberg,OivgzZ,QKrRN0SdAwdL
991,Barthel Spolton,Developer,bspoltonri@acquirethisname.com,Labadie-Weissnat,OyTCrOM,0HZq3qilT
992,Tova Busek,Enterprise,tbusekrj@photobucket.com,Torphy-Schiller,SGbdWzqTGgfS,p6Gx9M
993,Vilma Bonhome,Business,vbonhomerk@pen.io,Johnston-D'Amore,ipwDee,f9K1Wt86G
994,Raymond Wixey,Enterprise On-Ramp,rwixeyrl@nps.gov,Lueilwitz LLC,a5iOZ2C,1FFLZ9rC
995,Ethelbert Krabbe,Business,ekrabberm@ucoz.ru,Schinner-Kling,0PnCKF,LRu5bEE
996,Ikey Freeborne,Business,ifreebornern@mac.com,"Langworth, Murazik and Quigley",szP9KgSo,0SP31PIgSW
997,Guthrey Simnell,Developer,gsimnellro@eventbrite.com,Treutel-Tremblay,Fuv5imw4jwv,khnZC9g
998,Boycie Jozwicki,Business,bjozwickirp@nasa.gov,Kuphal-Kuhn,R3RywzRE0nH,4TSOfkiAH9
999,Dulsea Eleshenar,Enterprise,deleshenarrq@nydailynews.com,Bechtelar Inc,bbdHca0XuRuw,5oxRRPMIHLt
1000,Reece Travers,Enterprise,rtraversrr@wikispaces.com,Koss Group,0QgNPoBrLpQB,aSHlCXCh
