ticket_id,admin_id,customer_id,service_id,ticket_title,urgency
1,856,638,5,in faucibus orci luctus et ultrices posuere cubilia curae,
2,997,764,10,nullam porttitor lacus at turpis donec posuere metus vitae ipsum,
3,200,328,9,ipsum,
4,845,979,4,posuere cubilia curae donec pharetra magna vestibulum aliquet,
5,783,839,1,vestibulum aliquet ultrices erat,
6,258,341,10,cras in purus eu magna vulputate luctus cum sociis,
7,377,579,4,quis libero nullam sit amet,
8,978,207,4,neque libero convallis eget eleifend luctus ultricies,
9,661,741,8,at feugiat non pretium quis lectus suspendisse potenti in,
10,970,711,1,ante vivamus,
11,300,653,2,sapien arcu,
12,468,40,5,augue aliquam erat volutpat in congue etiam justo,
13,1000,90,3,molestie sed justo pellentesque viverra pede ac diam,
14,409,90,6,massa id,
15,784,195,5,lacus at turpis donec posuere metus,
16,555,476,10,morbi,
17,630,651,2,lacus curabitur at ipsum ac tellus semper interdum,
18,500,508,7,cursus vestibulum,
19,876,297,10,erat eros viverra eget,
20,246,559,3,orci mauris lacinia sapien quis libero nullam sit amet,
21,101,748,10,congue eget semper rutrum,
22,10,804,6,potenti nullam porttitor lacus at turpis donec posuere,
23,868,765,3,sem,
24,769,100,6,ultrices enim lorem ipsum,
25,723,996,8,semper sapien a libero nam dui proin leo odio porttitor,
26,153,506,6,curae duis faucibus accumsan odio curabitur convallis,
27,509,129,7,lobortis sapien sapien non,
28,646,489,1,hendrerit at vulputate vitae nisl aenean lectus pellentesque eget,
29,815,991,5,nulla eget eros,
30,247,748,2,augue a suscipit nulla elit,
31,182,852,8,placerat praesent blandit nam nulla,
32,380,418,7,ante ipsum primis,
33,139,498,1,sit,
34,999,990,8,non interdum,
35,105,578,2,vulputate justo in blandit,
36,395,459,5,morbi vestibulum velit id pretium iaculis diam erat,
37,848,626,4,in ante vestibulum ante ipsum primis in,
38,966,116,8,convallis,
39,880,245,7,sem praesent,
40,323,932,9,amet justo,
41,946,361,10,convallis,
42,575,940,5,duis ac nibh fusce lacus purus aliquet,
43,244,584,1,justo pellentesque viverra pede ac diam cras,
44,401,51,8,libero nullam sit amet turpis elementum ligula vehicula consequat morbi,
45,600,333,2,sapien non mi integer ac neque duis,
46,673,901,5,egestas metus aenean fermentum donec ut mauris eget,
47,836,396,3,faucibus orci luctus et ultrices posuere cubilia curae mauris,
48,829,637,1,nec nisi vulputate nonummy maecenas tincidunt lacus,
49,62,982,5,vulputate luctus cum sociis,
50,15,653,1,adipiscing elit proin interdum mauris non ligula pellentesque ultrices,
51,683,686,1,non lectus aliquam sit amet diam in magna bibendum,
52,192,703,3,lorem ipsum dolor sit amet consectetuer adipiscing,
53,675,24,8,eget congue eget,
54,633,261,2,adipiscing lorem vitae mattis,
55,616,347,6,risus,
56,839,702,1,lobortis sapien sapien non mi integer ac neque duis,
57,179,563,4,eros elementum pellentesque,
58,972,713,7,semper sapien a libero nam dui,
59,153,638,4,morbi odio,
60,504,688,4,aliquet at,
61,431,834,8,sodales scelerisque mauris sit amet eros suspendisse accumsan,
62,408,201,8,suspendisse accumsan tortor,
63,569,60,10,id consequat in consequat ut nulla,
64,289,599,1,nunc viverra,
65,637,317,3,condimentum neque sapien placerat ante nulla justo aliquam,
66,548,562,6,ornare consequat lectus in,
67,620,939,9,ut erat id mauris vulputate elementum nullam varius,
68,291,63,5,in magna bibendum imperdiet nullam orci pede venenatis non,
69,615,676,1,sit amet justo morbi ut odio cras mi pede,
70,22,625,2,consequat metus sapien ut,
71,918,680,5,ipsum ac tellus semper interdum mauris ullamcorper purus,
72,633,54,10,ullamcorper augue a suscipit nulla elit ac nulla,
73,521,412,5,pellentesque quisque porta volutpat erat quisque,
74,510,196,5,id massa id nisl venenatis lacinia,
75,349,416,6,vestibulum,
76,402,832,4,at diam nam tristique tortor eu pede,
77,789,801,10,facilisi cras non velit nec nisi,
78,551,503,3,at velit vivamus,
79,552,663,8,donec quis orci eget orci vehicula condimentum curabitur in libero,
80,772,31,1,orci luctus,
81,423,566,5,ipsum,
82,144,60,10,lacus at turpis donec posuere metus vitae ipsum aliquam,
83,827,910,4,id turpis integer aliquet massa id lobortis convallis tortor,
84,572,45,7,in lectus pellentesque at,
85,690,519,1,sit amet eros suspendisse accumsan tortor,
86,893,891,5,nibh quisque id justo sit amet sapien dignissim vestibulum vestibulum,
87,399,783,9,lectus in est risus auctor sed tristique in,
88,928,422,10,vivamus in felis eu sapien cursus vestibulum,
89,127,406,3,nam tristique tortor eu pede,
90,137,317,8,luctus et ultrices,
91,560,375,4,sit amet consectetuer adipiscing elit proin risus praesent,
92,376,239,1,ut nunc,
93,171,220,1,eu interdum eu tincidunt in leo maecenas pulvinar lobortis est,
94,313,79,7,magnis dis parturient montes nascetur ridiculus mus etiam,
95,147,513,3,sem,
96,786,667,3,vel lectus,
97,248,828,8,neque duis bibendum morbi non quam,
98,575,295,6,a feugiat et eros vestibulum,
99,627,736,5,vivamus vel nulla eget eros elementum pellentesque quisque porta,
100,581,963,5,facilisi cras non velit nec nisi vulputate nonummy,
101,663,10,2,donec ut mauris eget massa,
102,262,990,2,quisque arcu libero rutrum,
103,718,147,10,hac habitasse platea dictumst morbi,
104,436,626,5,dui luctus rutrum nulla tellus in sagittis dui vel nisl,
105,188,401,6,id pretium iaculis,
106,837,192,10,eu massa donec dapibus,
107,913,623,7,diam erat fermentum justo nec condimentum,
108,308,375,4,bibendum morbi non quam nec dui,
109,512,343,9,lacinia aenean sit amet justo morbi ut odio,
110,514,597,6,in,
111,871,955,2,habitasse platea dictumst,
112,803,713,8,pharetra magna vestibulum,
113,979,799,4,elementum eu interdum eu tincidunt in leo maecenas pulvinar,
114,395,667,10,eu,
115,786,940,7,erat id mauris,
116,471,577,10,curabitur convallis duis,
117,948,268,9,quis orci eget orci vehicula condimentum curabitur in,
118,549,942,10,platea,
119,246,361,1,leo odio,
120,192,474,1,blandit,
121,150,410,5,vestibulum ante ipsum primis in faucibus,
122,399,42,3,luctus ultricies eu nibh quisque id justo sit amet,
123,143,590,6,nulla tellus in,
124,36,77,5,quis tortor id nulla ultrices aliquet maecenas leo,
125,636,908,6,cubilia curae donec pharetra magna vestibulum aliquet,
126,406,626,6,placerat ante nulla justo aliquam quis turpis,
127,965,727,6,interdum eu tincidunt,
128,339,396,5,in lectus pellentesque at,
129,828,329,1,ultrices erat tortor sollicitudin mi sit,
130,233,122,6,posuere felis sed lacus morbi sem mauris laoreet,
131,143,263,5,suspendisse potenti in eleifend quam,
132,737,986,8,neque sapien,
133,557,253,1,cras in purus,
134,534,453,2,ante ipsum primis in faucibus,
135,944,53,10,at nulla suspendisse,
136,736,831,7,ipsum dolor sit amet consectetuer adipiscing elit,
137,967,648,10,libero rutrum,
138,45,709,7,ac,
139,73,450,1,auctor sed tristique in,
140,83,753,1,neque sapien placerat ante nulla justo aliquam quis,
141,201,381,7,sem duis aliquam convallis nunc proin,
142,469,630,5,quam fringilla rhoncus mauris,
143,898,44,10,lorem,
144,886,271,1,sed,
145,685,335,6,aliquam quis turpis eget elit sodales,
146,335,379,5,suspendisse accumsan tortor quis turpis sed ante,
147,696,664,2,interdum eu tincidunt in leo maecenas pulvinar lobortis,
148,269,258,7,ante ipsum primis in faucibus orci luctus et,
149,939,764,8,et commodo vulputate justo in blandit,
150,187,661,1,libero convallis eget eleifend,
151,314,778,2,faucibus orci luctus et ultrices posuere cubilia curae,
152,715,895,3,lorem vitae mattis nibh ligula nec sem duis aliquam,
153,537,527,7,curae donec pharetra magna vestibulum aliquet ultrices erat tortor,
154,395,448,5,at vulputate vitae nisl,
155,71,333,5,tempus semper,
156,820,286,8,tincidunt nulla mollis molestie lorem,
157,314,982,3,diam nam,
158,999,73,2,volutpat,
159,225,210,10,lacus curabitur at ipsum ac tellus semper interdum mauris ullamcorper,
160,731,998,3,id massa id nisl venenatis lacinia aenean sit amet justo,
161,350,853,3,nisl venenatis lacinia aenean sit amet justo morbi ut,
162,777,119,2,convallis nulla neque libero convallis eget eleifend luctus ultricies,
163,970,670,3,felis ut at dolor quis odio consequat varius,
164,832,189,4,non mauris morbi non lectus aliquam sit,
165,180,792,6,eget orci,
166,635,209,5,mauris eget,
167,141,53,8,est congue,
168,192,120,4,integer non velit donec,
169,96,313,1,porttitor,
170,86,862,8,odio elementum eu interdum eu tincidunt in leo maecenas pulvinar,
171,475,563,6,consectetuer adipiscing elit proin interdum mauris non ligula pellentesque,
172,757,384,10,pulvinar,
173,803,323,6,erat tortor sollicitudin mi sit amet lobortis sapien sapien,
174,610,598,5,augue quam,
175,14,858,2,sem sed sagittis nam congue risus semper porta volutpat,
176,400,51,9,sit amet nunc viverra dapibus,
177,403,79,10,morbi non quam,
178,966,570,8,scelerisque quam turpis adipiscing lorem vitae,
179,812,399,9,at velit eu est congue elementum in hac habitasse,
180,374,355,4,cras pellentesque volutpat dui,
181,679,67,4,varius integer ac leo pellentesque ultrices mattis,
182,586,310,6,vitae nisl aenean lectus pellentesque eget,
183,45,109,1,at vulputate vitae nisl,
184,128,976,10,dui nec nisi volutpat eleifend donec ut dolor morbi vel,
185,78,98,9,sed vel enim sit amet,
186,164,980,6,montes,
187,486,328,4,sociis natoque penatibus et,
188,526,866,10,ultrices vel augue vestibulum,
189,937,92,2,diam,
190,706,655,10,nulla ultrices aliquet maecenas leo,
191,303,294,9,in porttitor pede justo eu massa donec,
192,710,446,9,tortor sollicitudin mi sit,
193,46,176,5,duis ac nibh,
194,304,18,6,rutrum neque,
195,181,415,8,volutpat erat quisque erat eros viverra eget congue,
196,641,319,7,viverra pede,
197,874,363,8,sem,
198,674,959,2,erat id,
199,409,675,7,ut odio cras mi,
200,801,60,2,eget tincidunt eget tempus,
201,964,286,10,consequat nulla nisl nunc nisl duis,
202,36,367,3,hac habitasse platea,
203,364,347,7,in ante vestibulum ante ipsum primis in faucibus,
204,685,876,9,vulputate elementum nullam,
205,61,36,10,tellus in sagittis dui vel nisl duis ac,
206,618,390,5,vestibulum,
207,864,71,3,hac habitasse,
208,183,188,3,posuere metus vitae ipsum aliquam non mauris morbi non,
209,281,743,6,fusce lacus purus aliquet at feugiat non pretium quis lectus,
210,748,301,5,interdum mauris,
211,275,432,1,quam nec dui luctus rutrum nulla tellus in sagittis,
212,53,208,6,blandit nam nulla integer pede justo lacinia eget tincidunt eget,
213,13,960,9,iaculis congue vivamus metus arcu adipiscing molestie,
214,728,256,8,vel nisl duis ac,
215,751,627,6,sed nisl,
216,135,151,5,odio in hac habitasse,
217,294,838,9,mus vivamus vestibulum sagittis sapien cum sociis natoque penatibus,
218,559,417,6,commodo placerat praesent blandit nam nulla integer pede justo lacinia,
219,790,959,5,eu tincidunt in leo maecenas pulvinar,
220,764,611,8,id justo sit,
221,827,140,8,pellentesque volutpat dui maecenas tristique est et tempus semper est,
222,133,517,7,tempus sit amet sem fusce consequat,
223,440,722,4,congue risus semper porta volutpat quam pede lobortis,
224,965,779,2,vestibulum sit amet cursus id turpis integer aliquet,
225,5,332,8,leo,
226,893,879,8,maecenas tristique est et,
227,268,542,4,justo morbi,
228,210,928,8,dolor sit amet,
229,517,173,4,tincidunt eget tempus vel pede morbi porttitor,
230,456,998,8,dapibus at,
231,245,158,4,sed,
232,631,652,9,lectus in est risus auctor,
233,19,699,4,pulvinar nulla pede ullamcorper augue a suscipit nulla elit,
234,278,323,5,magna ac consequat metus sapien,
235,80,474,2,nullam sit,
236,535,374,10,elementum ligula,
237,70,593,8,dapibus augue,
238,17,72,6,mattis egestas metus aenean fermentum donec,
239,773,535,5,molestie lorem quisque ut erat curabitur gravida nisi at nibh,
240,515,228,7,sit amet consectetuer adipiscing elit proin interdum,
241,42,635,8,curabitur in libero ut,
242,750,465,1,rhoncus,
243,514,565,5,mi integer ac neque duis bibendum morbi non,
244,999,873,1,quis odio consequat varius integer ac leo pellentesque,
245,251,851,3,lorem integer tincidunt ante vel,
246,340,836,3,neque duis bibendum morbi non quam nec dui,
247,67,365,1,etiam vel augue vestibulum rutrum rutrum neque aenean auctor,
248,122,88,1,tortor id nulla ultrices,
249,964,833,1,viverra eget congue eget semper rutrum nulla nunc purus phasellus,
250,614,134,9,varius ut blandit non interdum in ante vestibulum ante,
251,845,33,1,in est risus auctor sed tristique in tempus sit,
252,646,232,9,integer ac leo pellentesque ultrices mattis odio,
253,754,280,6,lectus pellentesque,
254,428,880,3,eget tempus vel,
255,285,386,10,leo odio condimentum id,
256,470,476,5,ut at dolor,
257,265,966,7,lacinia sapien quis libero nullam sit amet,
258,37,234,1,id,
259,163,941,1,purus phasellus in felis donec semper sapien a,
260,83,483,4,curabitur in libero ut massa volutpat convallis morbi,
261,262,366,6,cum sociis natoque penatibus,
262,267,572,3,posuere felis sed lacus morbi sem mauris,
263,4,613,7,mi nulla ac enim in tempor turpis nec euismod scelerisque,
264,54,761,10,sapien urna pretium nisl ut,
265,267,152,7,suspendisse potenti,
266,692,604,2,ut suscipit a feugiat et eros vestibulum ac est lacinia,
267,408,603,2,scelerisque quam turpis adipiscing lorem vitae mattis nibh ligula nec,
268,954,733,7,viverra diam vitae quam,
269,345,236,8,odio odio elementum eu interdum eu tincidunt,
270,239,17,10,ipsum,
271,550,133,2,nec sem duis aliquam convallis nunc proin,
272,628,353,9,diam in magna bibendum imperdiet nullam,
273,254,432,8,et,
274,882,930,9,libero,
275,735,459,7,elit sodales,
276,72,468,4,et,
277,313,66,4,posuere metus vitae ipsum,
278,541,992,10,tincidunt,
279,45,262,4,in tempus sit amet sem fusce,
280,371,61,2,ultrices posuere cubilia curae nulla dapibus dolor vel est donec,
281,88,537,8,id consequat in consequat,
282,605,62,2,odio elementum eu interdum eu tincidunt in leo maecenas,
283,705,75,8,ut dolor morbi,
284,357,865,6,ridiculus mus vivamus,
285,245,347,6,venenatis lacinia aenean sit amet justo morbi ut odio cras,
286,447,475,3,dapibus duis at velit eu est congue elementum in,
287,966,115,4,pharetra magna vestibulum aliquet ultrices,
288,420,713,6,varius ut blandit non interdum in ante vestibulum ante,
289,546,686,4,nulla justo aliquam quis turpis eget elit,
290,277,669,2,malesuada in imperdiet et commodo vulputate justo in blandit ultrices,
291,399,851,2,id consequat in consequat ut nulla sed accumsan felis,
292,188,94,2,vulputate,
293,946,8,7,fermentum donec ut,
294,958,292,6,curabitur convallis duis consequat dui nec,
295,406,770,4,est phasellus sit amet erat nulla tempus,
296,396,349,1,tincidunt eget tempus vel,
297,453,874,2,ut,
298,47,349,9,quis turpis eget,
299,795,154,6,ornare imperdiet sapien urna pretium nisl ut volutpat sapien,
300,434,937,6,rhoncus aliquam lacus morbi quis,
301,525,102,4,at dolor quis odio,
302,519,200,9,lacus morbi quis tortor id nulla ultrices aliquet maecenas leo,
303,159,521,2,habitasse platea dictumst,
304,301,610,2,nulla eget eros,
305,583,710,8,ligula nec sem duis aliquam convallis,
306,931,672,4,augue,
307,436,835,6,duis aliquam convallis nunc,
308,892,117,4,est lacinia nisi venenatis tristique fusce congue,
309,327,504,2,non ligula pellentesque ultrices,
310,66,196,4,nullam sit amet turpis elementum ligula vehicula consequat,
311,79,698,1,nunc proin at turpis a pede posuere nonummy integer non,
312,845,402,9,arcu sed,
313,354,814,9,sem praesent id,
314,958,885,8,vitae nisl aenean lectus pellentesque,
315,61,785,5,in porttitor pede justo eu massa donec dapibus duis,
316,922,672,1,nam nulla integer pede justo lacinia eget tincidunt eget,
317,48,870,10,sapien dignissim vestibulum vestibulum ante ipsum,
318,162,313,5,massa volutpat convallis morbi odio odio elementum eu,
319,786,728,9,nam nulla integer pede justo lacinia,
320,594,46,1,aenean auctor gravida sem,
321,885,787,10,molestie nibh,
322,51,619,9,dictumst morbi vestibulum velit id pretium iaculis diam,
323,182,940,7,ante vivamus tortor,
324,984,943,4,neque vestibulum eget,
325,663,620,5,pulvinar lobortis est phasellus sit amet erat nulla tempus,
326,994,843,4,enim leo rhoncus sed,
327,169,309,9,eget tincidunt eget tempus vel,
328,736,534,1,imperdiet sapien urna pretium nisl ut volutpat sapien,
329,311,933,3,ac lobortis vel,
330,916,508,10,libero non mattis pulvinar nulla pede ullamcorper augue a,
331,265,14,3,metus vitae ipsum,
332,190,500,5,elit sodales scelerisque mauris,
333,616,786,10,felis sed interdum venenatis turpis enim,
334,183,39,4,nisi venenatis tristique fusce congue diam id,
335,446,633,2,nisl nunc nisl duis bibendum felis sed interdum venenatis,
336,147,318,6,ultrices vel augue vestibulum ante ipsum primis in,
337,510,884,8,eget massa tempor convallis nulla neque libero convallis,
338,388,686,2,odio curabitur convallis duis consequat dui nec nisi,
339,253,315,9,magna vestibulum aliquet ultrices erat tortor sollicitudin mi sit,
340,2,661,3,non mauris morbi non lectus,
341,283,181,8,id turpis integer aliquet massa id,
342,757,562,6,bibendum felis sed interdum,
343,62,370,7,orci vehicula condimentum curabitur,
344,339,626,2,justo sit amet,
345,520,880,3,ligula suspendisse ornare,
346,713,648,10,convallis eget eleifend luctus ultricies,
347,672,688,4,nisi at nibh in hac habitasse platea,
348,365,84,3,massa quis augue luctus tincidunt nulla mollis molestie,
349,673,431,3,euismod scelerisque quam turpis adipiscing lorem vitae mattis nibh,
350,383,70,10,cras non velit nec,
351,86,933,3,dui,
352,354,449,5,tellus in sagittis dui vel nisl duis ac nibh fusce,
353,492,779,3,ipsum primis in faucibus orci luctus et ultrices posuere,
354,487,493,8,viverra pede ac,
355,270,211,7,semper sapien a libero,
356,497,251,8,feugiat non,
357,756,995,1,lorem quisque ut erat curabitur,
358,727,528,7,parturient montes nascetur ridiculus mus etiam,
359,745,217,10,sapien cum sociis natoque penatibus et,
360,365,163,10,nulla quisque arcu libero rutrum ac lobortis,
361,985,821,4,vel pede morbi porttitor lorem id ligula suspendisse ornare,
362,169,864,1,pellentesque ultrices phasellus,
363,220,819,3,amet consectetuer adipiscing,
364,584,967,10,curabitur at ipsum ac,
365,851,903,3,tortor id nulla ultrices aliquet maecenas,
366,733,748,2,rutrum neque aenean auctor gravida sem praesent,
367,234,6,8,vulputate justo in blandit ultrices enim lorem ipsum dolor,
368,24,966,1,commodo placerat,
369,563,358,1,nec dui luctus,
370,617,373,9,nisl nunc,
371,469,311,1,duis at velit eu,
372,562,402,7,sapien in sapien iaculis congue vivamus metus arcu adipiscing molestie,
373,580,203,6,pede ac diam cras,
374,589,114,10,maecenas tristique est et tempus semper est quam pharetra,
375,1,464,5,sit amet turpis elementum ligula vehicula consequat morbi,
376,606,407,7,sed magna at nunc,
377,836,203,2,vitae nisl aenean lectus pellentesque eget nunc donec quis orci,
378,764,246,1,amet cursus id turpis integer,
379,107,356,1,nibh,
380,354,834,2,eu tincidunt in leo maecenas pulvinar lobortis est phasellus sit,
381,943,902,6,at,
382,802,591,9,erat,
383,612,398,4,pellentesque at nulla suspendisse potenti cras in purus eu magna,
384,622,863,6,ac enim,
385,828,369,8,justo sollicitudin ut suscipit a feugiat et eros vestibulum,
386,955,32,5,volutpat erat quisque erat eros viverra eget congue eget,
387,902,438,2,donec,
388,480,214,8,justo lacinia eget tincidunt eget tempus vel pede morbi,
389,715,637,8,phasellus in,
390,973,462,1,ligula in lacus curabitur at ipsum ac tellus,
391,624,132,10,mattis odio donec vitae nisi nam ultrices libero,
392,753,89,7,massa id nisl venenatis,
393,208,328,5,eget vulputate ut,
394,177,152,7,auctor gravida sem praesent id massa id nisl venenatis,
395,159,383,9,potenti,
396,145,433,7,sit amet justo morbi ut odio cras,
397,241,954,2,auctor sed,
398,510,482,10,ipsum dolor sit amet,
399,527,515,6,nibh in lectus pellentesque,
400,709,933,6,proin leo odio porttitor id consequat in consequat,
401,774,80,6,leo odio porttitor id consequat,
402,162,724,7,velit vivamus vel nulla eget eros elementum pellentesque quisque porta,
403,553,196,3,mus,
404,549,481,1,luctus et ultrices posuere cubilia curae mauris viverra diam,
405,675,828,5,non ligula pellentesque ultrices phasellus id sapien,
406,713,558,7,elementum nullam varius,
407,356,857,4,leo pellentesque ultrices mattis odio donec vitae nisi nam,
408,450,298,5,maecenas tristique est et tempus semper est quam pharetra,
409,710,695,5,pellentesque quisque,
410,553,467,2,in hac habitasse platea dictumst etiam,
411,316,708,5,rutrum at lorem integer tincidunt ante vel ipsum praesent blandit,
412,594,578,9,pellentesque at nulla suspendisse potenti cras in purus eu,
413,252,776,2,sit amet erat nulla tempus vivamus in felis eu,
414,89,987,1,amet sapien dignissim vestibulum vestibulum,
415,447,590,6,elit proin risus praesent lectus,
416,10,941,4,cras pellentesque,
417,762,770,5,felis fusce posuere felis sed lacus morbi sem mauris laoreet,
418,430,44,4,pellentesque,
419,181,480,6,nulla ultrices aliquet,
420,892,528,2,nunc commodo placerat praesent blandit nam nulla,
421,128,15,7,lacinia eget tincidunt eget,
422,610,80,1,magna vulputate luctus cum sociis natoque penatibus et,
423,49,317,4,semper porta volutpat quam pede,
424,590,907,9,fermentum justo nec,
425,489,752,8,sapien ut nunc vestibulum ante ipsum primis in,
426,108,598,5,eu orci mauris lacinia sapien quis libero nullam sit amet,
427,86,477,9,interdum venenatis turpis enim blandit,
428,192,908,4,porttitor,
429,380,91,1,morbi a ipsum integer a nibh in quis justo maecenas,
430,946,517,5,vitae ipsum aliquam non mauris,
431,516,315,1,sagittis nam congue risus semper porta volutpat quam,
432,964,491,2,pellentesque at nulla suspendisse,
433,957,925,7,elementum eu interdum,
434,106,491,3,pede posuere,
435,194,411,4,dolor,
436,459,216,4,dolor quis odio consequat varius integer ac leo pellentesque ultrices,
437,401,226,2,lectus pellentesque eget nunc donec quis,
438,892,261,1,nisl,
439,814,671,4,lectus vestibulum quam sapien varius,
440,264,543,1,vel lectus in quam fringilla rhoncus mauris enim leo rhoncus,
441,917,448,3,sapien arcu sed,
442,131,545,9,ultrices libero,
443,843,926,4,a,
444,713,977,8,dignissim,
445,70,53,7,ligula vehicula consequat morbi,
446,381,201,5,nulla mollis molestie lorem quisque ut erat curabitur,
447,137,14,6,et ultrices posuere,
448,385,179,9,rhoncus sed vestibulum sit amet,
449,594,427,3,adipiscing elit proin interdum mauris non ligula pellentesque ultrices phasellus,
450,170,862,4,magna bibendum imperdiet nullam orci pede venenatis non sodales sed,
451,966,59,4,vitae nisl aenean lectus pellentesque eget nunc,
452,49,113,9,venenatis lacinia aenean sit amet justo morbi ut odio,
453,292,133,4,justo in hac habitasse platea dictumst etiam,
454,147,211,2,sapien a,
455,996,1,3,posuere cubilia curae nulla dapibus dolor vel est donec,
456,953,915,2,vestibulum sit amet cursus id,
457,31,644,8,augue quam sollicitudin vitae consectetuer eget rutrum,
458,725,824,5,nulla suscipit ligula,
459,319,804,5,nibh in quis justo maecenas rhoncus aliquam lacus,
460,326,232,5,integer ac leo pellentesque ultrices mattis odio donec,
461,159,386,5,in porttitor pede justo eu,
462,275,970,9,in faucibus orci luctus et ultrices posuere,
463,571,350,7,ullamcorper augue a suscipit nulla elit ac,
464,776,336,3,turpis eget elit sodales scelerisque mauris sit,
465,668,498,5,sed sagittis nam congue risus semper,
466,618,780,1,leo odio condimentum id luctus,
467,394,830,6,et commodo vulputate justo in,
468,368,381,6,consequat varius integer ac,
469,952,474,8,nisi vulputate nonummy maecenas tincidunt lacus at velit,
470,65,630,4,ac,
471,850,792,6,molestie nibh in lectus pellentesque,
472,169,418,4,nulla dapibus dolor vel est donec odio justo,
473,893,388,1,lacinia nisi,
474,242,52,8,libero ut,
475,992,212,4,vestibulum ante ipsum primis in faucibus orci luctus et,
476,688,592,2,sit amet turpis elementum ligula,
477,577,944,6,maecenas pulvinar lobortis est,
478,536,588,5,velit id pretium iaculis diam erat fermentum justo nec,
479,116,84,4,sit amet eros suspendisse accumsan tortor quis turpis,
480,728,228,7,donec ut mauris eget,
481,920,41,1,faucibus orci luctus et ultrices posuere,
482,662,464,4,primis,
483,546,183,8,vel,
484,69,631,3,hendrerit at vulputate vitae nisl aenean lectus,
485,688,554,3,nam ultrices,
486,310,845,1,a libero nam dui proin leo,
487,923,492,10,vel sem sed sagittis nam congue risus,
488,461,733,3,vulputate elementum nullam varius nulla facilisi,
489,949,180,2,nec sem,
490,435,62,9,rhoncus,
491,606,65,4,accumsan felis ut,
492,259,566,6,in hac habitasse platea dictumst etiam faucibus cursus urna ut,
493,133,476,5,porttitor pede justo eu massa donec dapibus,
494,638,475,4,placerat praesent blandit nam nulla integer pede justo lacinia eget,
495,819,811,4,et ultrices posuere cubilia curae,
496,256,213,4,vel pede morbi porttitor lorem id ligula,
497,20,535,6,lectus pellentesque,
498,955,195,10,at,
499,669,301,10,lobortis ligula,
500,941,830,5,parturient montes nascetur,
501,763,903,7,eu interdum eu tincidunt in,
502,727,932,1,ut suscipit a feugiat et,
503,692,457,6,volutpat erat quisque erat eros viverra eget congue,
504,196,767,6,consequat nulla nisl nunc nisl duis bibendum felis,
505,353,897,9,duis ac nibh,
506,12,793,7,nulla elit ac nulla sed vel,
507,231,567,10,orci vehicula,
508,641,138,9,eleifend,
509,132,207,8,in sagittis,
510,438,981,5,vestibulum sed,
511,228,618,8,ultrices mattis odio donec vitae nisi nam ultrices libero,
512,425,134,1,odio odio elementum eu interdum,
513,692,241,3,donec semper sapien a,
514,734,258,1,praesent id massa id,
515,338,592,7,ac consequat metus,
516,797,413,2,tellus in sagittis dui vel,
517,703,491,6,porttitor pede justo eu massa,
518,24,158,1,proin leo odio porttitor id,
519,771,9,1,nulla justo aliquam quis turpis eget elit sodales,
520,530,894,1,congue elementum in hac habitasse,
521,289,5,7,ut,
522,587,730,9,blandit nam nulla integer pede justo lacinia eget tincidunt eget,
523,581,878,9,ipsum primis in faucibus,
524,576,538,3,porttitor pede justo eu massa donec,
525,820,558,9,cursus vestibulum,
526,894,593,2,erat curabitur gravida,
527,86,714,10,nunc rhoncus dui vel sem sed sagittis nam congue risus,
528,64,650,7,vulputate justo in blandit ultrices enim lorem ipsum,
529,344,702,1,placerat ante nulla justo aliquam quis,
530,71,203,4,orci,
531,179,440,9,rhoncus,
532,53,602,8,platea dictumst etiam faucibus cursus urna,
533,183,382,1,at,
534,153,104,3,praesent id massa id nisl venenatis lacinia aenean sit amet,
535,680,579,1,ornare imperdiet,
536,307,421,9,diam vitae quam suspendisse,
537,16,226,1,diam vitae quam suspendisse potenti,
538,537,429,1,ut at dolor quis,
539,883,48,3,eu tincidunt in,
540,622,516,3,molestie lorem quisque ut erat,
541,420,82,10,donec semper,
542,315,241,3,maecenas,
543,811,18,6,scelerisque quam turpis adipiscing lorem,
544,363,140,2,vulputate vitae nisl aenean,
545,62,242,6,tortor quis turpis sed ante vivamus tortor duis mattis,
546,997,136,8,laoreet ut rhoncus aliquet pulvinar sed nisl nunc rhoncus dui,
547,247,24,2,turpis elementum ligula,
548,134,999,10,in magna bibendum imperdiet nullam orci pede venenatis non,
549,587,146,3,accumsan odio,
550,83,933,7,quis tortor id nulla ultrices,
551,327,734,3,pharetra magna ac consequat metus sapien ut nunc vestibulum ante,
552,890,121,10,arcu,
553,988,135,5,ridiculus,
554,959,41,8,quisque erat eros viverra eget congue eget semper rutrum nulla,
555,676,801,1,volutpat dui maecenas tristique est et tempus semper est quam,
556,325,337,7,dictumst morbi vestibulum,
557,864,46,6,in sapien iaculis congue vivamus metus arcu adipiscing molestie hendrerit,
558,155,249,5,vel enim sit amet nunc viverra dapibus nulla,
559,549,728,5,lorem vitae mattis nibh ligula,
560,184,516,9,lorem ipsum dolor sit amet consectetuer adipiscing,
561,589,39,8,lectus vestibulum quam sapien varius ut blandit non interdum in,
562,568,300,2,faucibus orci luctus et ultrices posuere cubilia curae duis,
563,786,848,1,ultrices aliquet,
564,512,213,2,eros suspendisse accumsan tortor quis turpis,
565,535,566,1,ut blandit non interdum in ante vestibulum ante ipsum,
566,237,225,2,maecenas,
567,510,734,2,urna ut tellus nulla ut erat id mauris vulputate elementum,
568,359,644,10,erat fermentum justo nec condimentum neque sapien placerat ante,
569,36,975,6,lectus aliquam sit amet diam,
570,773,323,8,mus vivamus vestibulum sagittis sapien cum,
571,873,927,1,enim blandit mi in porttitor pede,
572,680,547,10,mattis egestas metus aenean,
573,160,272,10,ultrices posuere,
574,410,580,7,eget,
575,493,993,3,in hac habitasse platea dictumst aliquam augue quam sollicitudin,
576,554,269,4,iaculis,
577,842,23,10,lorem ipsum dolor sit amet consectetuer adipiscing elit,
578,713,571,5,pretium quis lectus,
579,750,379,6,suspendisse potenti nullam porttitor lacus at turpis donec posuere,
580,232,565,8,vitae quam,
581,655,983,6,volutpat,
582,334,856,3,quisque porta volutpat erat quisque erat eros,
583,751,418,8,arcu adipiscing molestie hendrerit at vulputate vitae nisl aenean,
584,149,480,8,et ultrices posuere cubilia curae donec pharetra magna vestibulum,
585,740,204,1,venenatis turpis enim blandit mi in porttitor pede,
586,304,615,8,eu orci mauris lacinia sapien quis libero nullam sit amet,
587,989,821,8,pellentesque,
588,802,359,9,dapibus nulla suscipit ligula in lacus curabitur at,
589,134,689,7,turpis sed ante vivamus tortor duis mattis,
590,228,19,10,venenatis tristique fusce congue diam,
591,597,31,3,ullamcorper purus,
592,659,17,6,ridiculus mus vivamus vestibulum sagittis sapien,
593,179,554,1,condimentum,
594,723,591,10,convallis tortor risus dapibus augue vel,
595,516,402,10,eget rutrum at lorem integer,
596,80,730,7,est risus auctor,
597,510,269,5,nullam sit amet turpis elementum ligula vehicula consequat morbi,
598,707,90,1,platea dictumst aliquam,
599,574,847,7,lorem ipsum dolor,
600,399,994,10,donec,
601,55,729,6,ligula nec sem duis aliquam convallis nunc proin at turpis,
602,683,446,8,semper est quam pharetra magna ac,
603,279,321,1,in,
604,252,394,2,justo in hac habitasse platea dictumst etiam faucibus cursus urna,
605,158,333,3,eget vulputate,
606,878,763,3,accumsan tortor,
607,872,287,2,sit amet consectetuer adipiscing elit proin interdum mauris,
608,153,244,5,lacus curabitur at ipsum ac tellus,
609,434,306,5,lectus pellentesque eget nunc donec quis orci eget,
610,935,885,6,non velit donec diam neque vestibulum,
611,443,171,1,non quam,
612,892,7,2,turpis integer aliquet,
613,826,200,4,gravida nisi at nibh in hac habitasse platea dictumst aliquam,
614,381,229,3,aenean fermentum donec ut mauris eget massa,
615,806,896,10,augue aliquam erat volutpat in congue etiam,
616,636,389,6,a pede posuere nonummy integer non,
617,751,241,5,adipiscing lorem,
618,144,133,1,ut suscipit a feugiat et eros vestibulum,
619,374,623,1,orci luctus et ultrices posuere cubilia curae duis faucibus accumsan,
620,960,94,2,volutpat quam pede lobortis ligula sit amet,
621,237,591,4,consequat nulla,
622,582,332,1,odio curabitur convallis duis,
623,172,84,1,dolor vel est donec odio,
624,504,365,9,ornare imperdiet sapien urna pretium nisl,
625,334,669,8,bibendum imperdiet,
626,715,672,7,dapibus dolor vel est donec odio,
627,551,384,7,penatibus et magnis,
628,26,408,2,eu magna vulputate luctus cum sociis natoque,
629,222,273,4,posuere felis sed,
630,893,805,4,imperdiet sapien urna,
631,258,13,2,nunc vestibulum ante,
632,904,332,6,nulla mollis molestie lorem quisque ut,
633,299,907,2,mollis molestie lorem quisque ut erat curabitur gravida nisi at,
634,179,446,4,nisl nunc rhoncus dui vel,
635,306,388,2,ac nibh fusce lacus purus aliquet at feugiat non pretium,
636,228,817,10,cubilia,
637,393,708,8,vitae quam suspendisse potenti nullam porttitor,
638,91,230,10,diam nam tristique,
639,483,656,6,enim lorem ipsum dolor sit,
640,293,731,4,donec semper sapien a libero nam dui proin leo odio,
641,675,719,1,vel pede morbi,
642,466,314,4,pede ullamcorper augue a suscipit nulla,
643,537,359,4,dolor sit,
644,53,339,10,viverra pede ac diam cras pellentesque volutpat dui maecenas,
645,151,251,10,luctus et ultrices posuere cubilia,
646,11,512,2,massa,
647,971,336,10,pellentesque viverra pede ac diam cras pellentesque volutpat dui,
648,668,518,7,feugiat et,
649,750,828,1,semper est quam,
650,171,759,8,ridiculus mus,
651,278,267,6,sed,
652,704,938,3,felis donec semper sapien a libero nam dui proin,
653,554,274,9,est lacinia nisi venenatis tristique fusce,
654,211,203,1,quisque id justo sit amet sapien dignissim vestibulum,
655,66,986,1,ultricies eu nibh,
656,314,783,3,nec condimentum neque sapien placerat ante nulla,
657,429,902,7,convallis tortor risus,
658,335,366,2,molestie nibh in lectus pellentesque at,
659,53,715,2,nunc nisl duis bibendum felis sed interdum venenatis,
660,523,463,6,quis tortor id nulla,
661,110,114,7,id,
662,760,912,8,orci vehicula condimentum curabitur in libero ut massa volutpat,
663,638,470,5,primis in,
664,427,951,4,lobortis convallis tortor risus,
665,209,220,7,fermentum justo nec condimentum neque sapien placerat ante,
666,65,151,7,at velit vivamus vel nulla eget eros elementum pellentesque quisque,
667,128,403,1,lectus in est risus auctor sed tristique in tempus,
668,100,189,4,eu felis fusce posuere felis sed,
669,93,73,9,augue luctus,
670,525,786,1,nulla pede ullamcorper augue a suscipit nulla elit,
671,613,370,9,molestie,
672,167,17,4,mauris sit amet eros suspendisse accumsan tortor,
673,577,305,4,maecenas tristique,
674,832,934,8,vestibulum,
675,519,928,4,id massa id nisl venenatis lacinia,
676,744,648,3,curabitur gravida nisi at nibh,
677,36,396,1,justo eu massa donec dapibus duis at,
678,500,917,9,habitasse platea dictumst,
679,841,185,4,vestibulum,
680,708,200,10,feugiat et eros vestibulum ac,
681,463,320,6,sapien varius,
682,469,56,1,blandit lacinia erat vestibulum sed magna at nunc,
683,64,687,9,convallis tortor risus dapibus augue vel accumsan tellus nisi eu,
684,110,830,4,lectus pellentesque at,
685,675,307,7,blandit nam nulla integer pede justo lacinia eget,
686,488,397,1,morbi a ipsum integer a nibh in,
687,624,310,5,luctus et ultrices,
688,416,611,1,vestibulum velit id pretium iaculis diam,
689,416,493,2,quisque ut erat,
690,285,976,7,tempus semper,
691,314,458,2,varius ut blandit,
692,827,659,3,pharetra,
693,973,706,3,nibh ligula nec sem,
694,738,149,3,vel pede morbi porttitor lorem id ligula suspendisse,
695,174,450,9,ipsum dolor sit,
696,340,359,9,lobortis ligula sit amet eleifend pede libero quis,
697,806,419,6,sociis natoque penatibus et magnis dis parturient montes,
698,656,338,4,posuere cubilia curae mauris,
699,777,302,8,lectus suspendisse potenti in eleifend quam a,
700,189,870,8,dui luctus rutrum nulla tellus in sagittis,
701,1,940,2,justo etiam pretium iaculis,
702,665,532,8,tincidunt nulla mollis molestie lorem quisque ut erat curabitur,
703,101,925,2,aliquam erat volutpat in congue etiam justo etiam,
704,563,280,1,magnis dis parturient montes,
705,839,128,3,ut rhoncus aliquet pulvinar sed nisl nunc,
706,139,402,5,duis faucibus accumsan odio,
707,613,271,9,vitae nisi nam ultrices libero non mattis,
708,244,141,10,eu sapien cursus vestibulum proin eu,
709,991,400,10,vivamus in felis,
710,417,636,10,luctus et ultrices posuere,
711,585,791,5,platea dictumst aliquam augue,
712,205,836,8,imperdiet et commodo,
713,879,731,6,nisl duis ac nibh fusce lacus purus aliquet at feugiat,
714,18,940,4,purus eu magna vulputate luctus cum sociis,
715,21,56,2,vulputate vitae nisl aenean lectus pellentesque,
716,871,865,7,eleifend pede libero quis,
717,298,227,2,odio condimentum id,
718,204,575,2,at,
719,907,470,1,ut blandit non,
720,115,390,7,in porttitor,
721,675,589,1,amet justo morbi ut odio cras mi pede malesuada in,
722,233,572,8,accumsan,
723,26,451,4,ut tellus nulla ut erat id mauris vulputate,
724,786,77,5,nunc rhoncus,
725,426,92,8,montes nascetur ridiculus mus vivamus vestibulum sagittis sapien cum sociis,
726,116,509,8,aliquet,
727,21,461,10,sed vestibulum sit amet cursus id turpis integer aliquet,
728,605,283,7,euismod scelerisque quam turpis adipiscing,
729,233,946,3,porttitor lorem id ligula suspendisse ornare consequat lectus in est,
730,168,494,8,volutpat sapien arcu sed augue aliquam erat volutpat in congue,
731,523,341,4,mauris eget massa,
732,229,352,10,vel lectus in quam fringilla rhoncus,
733,832,265,1,vestibulum sit amet cursus id,
734,73,971,2,erat nulla tempus vivamus,
735,493,461,5,id luctus,
736,294,116,9,morbi ut odio cras,
737,851,941,5,amet nunc viverra dapibus nulla suscipit ligula in lacus curabitur,
738,132,871,2,congue eget semper rutrum nulla nunc purus phasellus,
739,407,870,3,rutrum nulla tellus in sagittis dui vel nisl,
740,809,308,9,tellus semper,
741,400,979,4,pede venenatis non sodales sed,
742,573,492,8,integer non,
743,533,890,8,curae,
744,449,765,8,est phasellus sit amet erat nulla,
745,708,437,1,cras,
746,61,202,4,ultrices libero non mattis pulvinar nulla pede ullamcorper augue,
747,750,117,10,gravida nisi at nibh,
748,292,308,3,ipsum,
749,677,78,8,accumsan tellus nisi eu,
750,352,699,10,pellentesque quisque porta volutpat erat quisque,
751,835,64,9,diam id ornare imperdiet sapien urna pretium nisl ut volutpat,
752,229,912,8,semper,
753,921,808,10,risus semper,
754,961,121,10,bibendum morbi non,
755,803,776,2,scelerisque quam turpis adipiscing lorem vitae mattis nibh ligula nec,
756,970,798,7,eu interdum eu tincidunt in,
757,826,439,4,ante nulla justo aliquam quis turpis eget elit sodales scelerisque,
758,354,791,6,in,
759,914,990,9,duis ac,
760,176,845,8,morbi odio odio elementum eu,
761,441,246,7,sapien quis libero nullam sit amet turpis,
762,579,6,6,convallis tortor risus dapibus augue,
763,780,634,4,at lorem integer tincidunt ante vel ipsum praesent blandit lacinia,
764,337,519,1,duis consequat dui nec,
765,365,202,7,posuere cubilia curae,
766,914,933,4,vivamus metus,
767,426,141,2,augue vel,
768,247,387,9,quis tortor,
769,730,335,5,enim sit amet nunc viverra dapibus nulla suscipit ligula in,
770,898,875,9,arcu sed augue aliquam erat volutpat in congue etiam justo,
771,205,157,7,arcu libero rutrum ac lobortis vel dapibus at,
772,654,512,5,sociis natoque penatibus et magnis dis,
773,255,371,5,quam fringilla rhoncus mauris enim leo rhoncus sed vestibulum,
774,645,870,8,risus dapibus augue vel accumsan tellus nisi eu,
775,531,656,5,blandit non interdum in ante vestibulum ante ipsum primis,
776,356,548,8,diam vitae quam suspendisse potenti nullam porttitor lacus at turpis,
777,91,491,1,luctus et ultrices posuere cubilia curae mauris viverra diam vitae,
778,396,269,8,luctus et ultrices posuere cubilia curae nulla,
779,70,984,10,vulputate elementum nullam varius nulla facilisi cras non velit nec,
780,645,681,2,curabitur convallis,
781,233,625,6,sapien,
782,569,343,7,nunc commodo,
783,879,991,4,orci luctus et ultrices posuere cubilia curae nulla dapibus,
784,635,51,5,tristique,
785,127,971,4,adipiscing lorem vitae mattis,
786,665,461,2,quam nec dui luctus rutrum nulla tellus,
787,172,66,1,venenatis tristique fusce congue diam id ornare,
788,408,209,2,sed vestibulum sit amet,
789,457,972,2,amet consectetuer adipiscing elit proin risus,
790,401,934,5,nisl duis bibendum,
791,779,733,5,consectetuer eget,
792,969,755,8,mi sit amet lobortis sapien,
793,214,931,7,neque libero,
794,440,47,3,praesent blandit nam nulla integer pede justo,
795,761,77,4,erat tortor sollicitudin mi sit amet lobortis sapien,
796,456,870,6,justo sit amet sapien dignissim vestibulum vestibulum,
797,408,972,8,metus sapien,
798,702,429,3,sapien quis,
799,35,89,8,erat eros viverra eget congue eget semper rutrum,
800,692,462,9,magna ac consequat metus sapien,
801,329,11,5,sit amet erat nulla tempus vivamus in felis eu sapien,
802,567,495,4,vestibulum ante ipsum primis in faucibus orci luctus,
803,261,613,6,est congue elementum in,
804,497,80,4,pharetra magna ac consequat metus sapien ut nunc,
805,381,940,9,condimentum neque sapien placerat ante nulla justo aliquam quis turpis,
806,39,729,1,eleifend pede libero quis orci nullam molestie nibh,
807,486,310,7,vel sem sed sagittis nam congue risus semper,
808,254,87,1,sit amet justo morbi ut odio cras mi pede,
809,582,947,9,enim leo rhoncus sed vestibulum sit amet,
810,763,173,7,orci nullam molestie nibh in lectus pellentesque,
811,513,968,8,fringilla rhoncus mauris enim leo rhoncus sed vestibulum sit,
812,992,338,8,accumsan tellus nisi eu orci mauris lacinia,
813,268,625,10,erat fermentum justo nec,
814,551,562,2,amet justo morbi ut odio cras mi,
815,323,757,5,lobortis ligula sit amet eleifend pede libero,
816,40,914,1,aliquam non,
817,464,676,3,lorem integer tincidunt ante vel,
818,956,163,2,congue eget semper rutrum nulla nunc purus phasellus in felis,
819,258,805,8,aliquet ultrices erat,
820,750,486,8,ipsum dolor sit amet consectetuer adipiscing elit proin risus,
821,408,567,1,semper interdum mauris ullamcorper purus sit amet nulla quisque arcu,
822,148,502,4,ullamcorper augue a suscipit nulla elit ac nulla sed,
823,585,698,6,aliquet maecenas leo odio condimentum id luctus nec,
824,598,863,9,bibendum imperdiet nullam orci pede venenatis non sodales sed tincidunt,
825,680,669,4,semper interdum mauris ullamcorper purus sit amet,
826,297,679,5,nibh,
827,123,988,6,praesent id massa id nisl venenatis lacinia aenean sit,
828,458,867,3,venenatis turpis enim,
829,433,336,9,mollis molestie lorem quisque ut erat curabitur,
830,68,90,2,sit amet sem fusce consequat nulla,
831,964,230,1,suspendisse potenti cras in purus eu magna vulputate,
832,831,860,1,aenean sit amet justo morbi ut odio,
833,130,490,7,donec pharetra magna vestibulum aliquet ultrices erat tortor sollicitudin mi,
834,356,34,5,at turpis,
835,448,537,10,blandit ultrices enim lorem ipsum dolor sit amet consectetuer,
836,232,518,7,proin eu mi nulla ac enim,
837,936,277,9,diam erat fermentum justo nec condimentum neque sapien placerat ante,
838,600,68,9,libero rutrum ac lobortis vel dapibus at diam nam,
839,878,160,2,elit proin risus praesent,
840,818,744,5,volutpat eleifend,
841,298,746,7,augue aliquam erat volutpat in congue etiam,
842,889,669,7,donec pharetra magna vestibulum aliquet ultrices erat,
843,696,782,2,dolor vel est donec odio,
844,185,564,1,justo aliquam quis turpis eget elit sodales scelerisque mauris,
845,743,970,6,risus semper,
846,666,912,3,orci pede venenatis non sodales sed tincidunt eu,
847,331,451,4,vivamus metus arcu adipiscing molestie hendrerit at vulputate vitae,
848,797,100,1,augue a,
849,560,794,2,nonummy maecenas,
850,332,782,2,cras non velit nec nisi,
851,186,956,4,pretium nisl ut volutpat sapien arcu sed augue aliquam erat,
852,632,24,10,integer ac leo,
853,463,250,5,risus dapibus augue,
854,131,982,6,imperdiet et commodo vulputate justo in,
855,934,659,10,in leo maecenas pulvinar lobortis est phasellus,
856,389,297,7,erat nulla tempus vivamus in felis,
857,716,754,3,quisque erat eros viverra,
858,737,88,10,interdum mauris non ligula pellentesque ultrices phasellus id sapien,
859,329,643,9,lectus pellentesque at nulla suspendisse potenti cras in,
860,354,396,6,luctus nec molestie sed justo pellentesque viverra pede,
861,66,220,7,erat fermentum justo nec condimentum neque sapien placerat ante,
862,674,468,5,tortor duis mattis egestas metus,
863,850,75,1,aliquam quis,
864,496,672,7,at nunc commodo placerat praesent blandit nam nulla,
865,562,191,7,gravida nisi at nibh,
866,206,768,4,metus arcu adipiscing molestie hendrerit at vulputate vitae,
867,20,954,4,lectus pellentesque eget,
868,752,808,10,hac habitasse,
869,697,991,10,non mauris morbi,
870,392,108,2,lorem ipsum dolor sit amet consectetuer adipiscing elit proin risus,
871,65,61,10,habitasse,
872,661,131,5,habitasse platea dictumst etiam faucibus cursus urna ut tellus,
873,536,999,8,porttitor lorem,
874,977,489,8,nulla ac enim in,
875,953,342,4,non mattis pulvinar,
876,54,604,1,vestibulum quam sapien varius ut blandit non interdum,
877,18,908,10,et magnis dis,
878,315,391,2,vel dapibus at diam,
879,815,319,1,sapien,
880,719,336,10,tempor turpis nec euismod scelerisque quam turpis adipiscing lorem,
881,868,540,10,id turpis integer aliquet massa,
882,708,735,4,at dolor,
883,309,722,8,in hac habitasse platea dictumst morbi vestibulum velit id pretium,
884,592,317,10,habitasse platea dictumst,
885,994,77,4,porttitor id consequat in,
886,116,759,1,molestie nibh in lectus pellentesque at nulla suspendisse,
887,993,446,2,posuere nonummy,
888,670,329,3,faucibus cursus urna ut tellus nulla ut erat,
889,562,916,1,diam neque,
890,602,213,7,nibh in quis justo maecenas rhoncus aliquam,
891,478,852,7,in hac habitasse platea dictumst aliquam augue quam,
892,565,337,8,in tempus sit amet sem,
893,850,707,10,adipiscing elit proin risus,
894,643,908,10,nullam porttitor lacus at turpis donec posuere,
895,933,719,10,aliquam lacus morbi quis tortor id nulla ultrices aliquet maecenas,
896,975,924,4,urna ut tellus nulla ut erat id,
897,514,181,8,tempus vel pede,
898,213,972,1,convallis,
899,579,855,5,non mi integer ac neque duis bibendum morbi non quam,
900,138,348,3,congue,
901,995,868,10,felis,
902,766,708,7,accumsan odio curabitur convallis duis consequat dui,
903,839,651,8,non pretium,
904,938,824,6,est congue elementum in hac habitasse platea dictumst,
905,700,143,2,quisque id justo sit amet sapien dignissim,
906,684,253,10,tortor sollicitudin mi sit amet lobortis sapien,
907,224,519,6,lorem ipsum dolor sit amet consectetuer adipiscing,
908,689,236,2,porttitor lacus at turpis donec posuere metus vitae ipsum,
909,237,280,9,ligula vehicula consequat morbi a ipsum integer a,
910,229,505,10,maecenas pulvinar,
911,210,66,3,faucibus orci luctus et ultrices posuere cubilia curae,
912,969,290,5,nulla,
913,813,999,5,volutpat sapien,
914,722,870,7,non quam nec,
915,850,240,3,eros vestibulum ac est lacinia nisi venenatis,
916,278,521,10,non sodales sed tincidunt eu felis fusce posuere,
917,762,138,2,nulla quisque,
918,137,214,3,nonummy,
919,51,700,4,rutrum nulla nunc purus phasellus in felis donec semper sapien,
920,993,71,4,interdum eu,
921,374,778,6,elit ac nulla sed vel enim sit amet,
922,422,944,6,vestibulum sed magna at nunc commodo placerat praesent blandit nam,
923,619,959,4,eleifend quam a odio,
924,271,18,8,dui luctus rutrum nulla tellus in sagittis dui,
925,181,4,3,adipiscing molestie hendrerit at vulputate vitae nisl aenean lectus pellentesque,
926,858,784,6,nonummy integer non,
927,4,317,4,at nulla suspendisse potenti cras in purus eu magna vulputate,
928,450,549,3,ornare consequat lectus in est,
929,581,205,6,pellentesque viverra pede ac diam cras pellentesque volutpat dui,
930,447,64,7,at,
931,32,142,2,maecenas,
932,795,474,7,pharetra magna ac consequat metus,
933,719,944,7,maecenas tincidunt lacus at velit,
934,994,950,4,duis consequat dui nec nisi volutpat eleifend donec ut dolor,
935,740,860,5,nam ultrices,
936,466,808,9,dapibus nulla,
937,953,622,3,mauris lacinia,
938,965,382,5,lacus at turpis,
939,757,183,5,posuere felis sed lacus morbi sem mauris laoreet ut,
940,230,291,6,augue quam sollicitudin vitae consectetuer eget rutrum at,
941,65,215,9,metus arcu adipiscing,
942,486,915,6,dapibus at diam nam,
943,999,403,5,vestibulum sagittis sapien cum sociis natoque,
944,779,344,5,velit,
945,619,640,3,vulputate luctus cum sociis natoque penatibus et magnis dis,
946,344,863,1,mauris vulputate elementum nullam varius nulla facilisi cras,
947,946,437,4,venenatis lacinia aenean,
948,929,404,6,blandit ultrices enim lorem ipsum dolor sit amet,
949,286,309,3,cras mi pede malesuada in imperdiet et,
950,553,466,4,malesuada in imperdiet,
951,723,805,2,convallis duis consequat dui nec nisi,
952,386,87,7,interdum mauris non ligula pellentesque ultrices phasellus,
953,639,326,3,cras mi pede malesuada in imperdiet et,
954,368,533,7,vivamus vel nulla eget eros elementum pellentesque quisque,
955,749,785,4,vitae nisi nam ultrices libero non mattis pulvinar nulla,
956,830,297,1,ultrices vel augue vestibulum ante ipsum primis in faucibus,
957,460,906,5,sem duis aliquam convallis nunc proin,
958,543,629,8,maecenas ut massa quis augue,
959,578,211,3,natoque penatibus et magnis dis parturient montes nascetur,
960,564,319,2,nulla,
961,690,824,6,in sagittis,
962,795,500,7,ridiculus mus,
963,194,564,6,ultrices phasellus id sapien in sapien iaculis,
964,618,257,2,non pretium quis,
965,208,61,2,scelerisque,
966,458,716,3,dolor sit amet consectetuer,
967,53,647,5,non interdum in ante vestibulum,
968,785,686,6,vel augue vestibulum ante ipsum primis in faucibus,
969,540,760,8,mauris eget massa tempor convallis nulla,
970,134,533,8,nisl duis ac,
971,752,608,7,nulla tellus in sagittis dui vel nisl,
972,470,827,7,viverra pede ac,
973,64,661,3,sit amet nunc viverra dapibus nulla suscipit,
974,273,553,4,vulputate luctus cum sociis natoque penatibus et magnis dis parturient,
975,125,917,8,nulla pede ullamcorper augue a suscipit nulla,
976,491,963,5,risus praesent lectus vestibulum quam sapien varius ut blandit non,
977,221,675,4,euismod scelerisque,
978,204,83,9,nec sem duis aliquam,
979,950,153,9,elementum eu interdum eu,
980,127,541,2,sapien,
981,62,429,6,suspendisse accumsan tortor quis turpis sed ante,
982,62,771,10,venenatis lacinia aenean sit amet,
983,144,930,6,elit,
984,875,402,6,dolor vel est donec odio justo sollicitudin ut,
985,466,812,5,magnis dis parturient montes nascetur,
986,242,584,3,eleifend pede libero,
987,259,535,2,erat,
988,764,466,2,vel nisl duis ac nibh fusce lacus purus aliquet at,
989,238,263,10,sem duis aliquam convallis,
990,626,260,5,euismod,
991,249,171,1,vestibulum,
992,412,113,6,vestibulum ante ipsum primis in faucibus,
993,444,996,1,eu nibh quisque id justo,
994,458,424,4,integer aliquet,
995,333,271,3,convallis duis consequat dui nec nisi volutpat,
996,735,484,8,tristique in,
997,585,904,2,dui proin leo odio porttitor,
998,547,806,3,sem duis,
999,115,181,7,scelerisque,
1000,381,446,8,arcu sed augue aliquam erat volutpat in congue,
