image_id,content_id,image_url
1,1,http://dummyimage.com/172x101.png/dddddd/000000
2,2,http://dummyimage.com/143x131.png/cc0000/ffffff
3,3,http://dummyimage.com/229x145.png/5fa2dd/ffffff
4,4,http://dummyimage.com/230x192.png/cc0000/ffffff
5,5,http://dummyimage.com/157x214.png/5fa2dd/ffffff
6,6,http://dummyimage.com/168x130.png/ff4444/ffffff
7,7,http://dummyimage.com/226x247.png/ff4444/ffffff
8,8,http://dummyimage.com/244x128.png/dddddd/000000
9,9,http://dummyimage.com/152x246.png/dddddd/000000
10,10,http://dummyimage.com/217x190.png/ff4444/ffffff
11,11,http://dummyimage.com/179x189.png/5fa2dd/ffffff
12,12,http://dummyimage.com/215x100.png/5fa2dd/ffffff
13,13,http://dummyimage.com/226x114.png/5fa2dd/ffffff
14,14,http://dummyimage.com/212x135.png/5fa2dd/ffffff
15,15,http://dummyimage.com/165x149.png/cc0000/ffffff
16,16,http://dummyimage.com/181x243.png/5fa2dd/ffffff
17,17,http://dummyimage.com/132x191.png/ff4444/ffffff
18,18,http://dummyimage.com/180x100.png/cc0000/ffffff
19,19,http://dummyimage.com/190x122.png/dddddd/000000
20,20,http://dummyimage.com/167x197.png/ff4444/ffffff
21,21,http://dummyimage.com/188x162.png/cc0000/ffffff
22,22,http://dummyimage.com/121x238.png/dddddd/000000
23,23,http://dummyimage.com/127x183.png/5fa2dd/ffffff
24,24,http://dummyimage.com/211x161.png/cc0000/ffffff
25,25,http://dummyimage.com/161x137.png/cc0000/ffffff
26,26,http://dummyimage.com/101x142.png/cc0000/ffffff
27,27,http://dummyimage.com/161x116.png/dddddd/000000
28,28,http://dummyimage.com/112x216.png/dddddd/000000
29,29,http://dummyimage.com/117x236.png/dddddd/000000
30,30,http://dummyimage.com/182x209.png/cc0000/ffffff
31,31,http://dummyimage.com/208x202.png/cc0000/ffffff
32,32,http://dummyimage.com/210x246.png/5fa2dd/ffffff
33,33,http://dummyimage.com/233x173.png/ff4444/ffffff
34,34,http://dummyimage.com/183x179.png/ff4444/ffffff
35,35,http://dummyimage.com/167x164.png/cc0000/ffffff
36,36,http://dummyimage.com/128x250.png/dddddd/000000
37,37,http://dummyimage.com/174x175.png/dddddd/000000
38,38,http://dummyimage.com/158x133.png/ff4444/ffffff
39,39,http://dummyimage.com/146x208.png/5fa2dd/ffffff
40,40,http://dummyimage.com/234x233.png/5fa2dd/ffffff
41,41,http://dummyimage.com/127x248.png/5fa2dd/ffffff
42,42,http://dummyimage.com/155x137.png/5fa2dd/ffffff
43,43,http://dummyimage.com/175x135.png/5fa2dd/ffffff
44,44,http://dummyimage.com/112x118.png/ff4444/ffffff
45,45,http://dummyimage.com/114x175.png/5fa2dd/ffffff
46,46,http://dummyimage.com/228x212.png/5fa2dd/ffffff
47,47,http://dummyimage.com/182x246.png/ff4444/ffffff
48,48,http://dummyimage.com/159x172.png/cc0000/ffffff
49,49,http://dummyimage.com/229x238.png/ff4444/ffffff
50,50,http://dummyimage.com/176x148.png/dddddd/000000
51,51,http://dummyimage.com/113x179.png/5fa2dd/ffffff
52,52,http://dummyimage.com/139x168.png/5fa2dd/ffffff
53,53,http://dummyimage.com/172x124.png/cc0000/ffffff
54,54,http://dummyimage.com/148x182.png/dddddd/000000
55,55,http://dummyimage.com/230x218.png/dddddd/000000
56,56,http://dummyimage.com/174x102.png/5fa2dd/ffffff
57,57,http://dummyimage.com/193x223.png/5fa2dd/ffffff
58,58,http://dummyimage.com/103x197.png/ff4444/ffffff
59,59,http://dummyimage.com/160x240.png/5fa2dd/ffffff
60,60,http://dummyimage.com/189x223.png/dddddd/000000
61,61,http://dummyimage.com/215x127.png/dddddd/000000
62,62,http://dummyimage.com/205x184.png/5fa2dd/ffffff
63,63,http://dummyimage.com/200x206.png/dddddd/000000
64,64,http://dummyimage.com/133x174.png/dddddd/000000
65,65,http://dummyimage.com/134x242.png/dddddd/000000
66,66,http://dummyimage.com/173x240.png/ff4444/ffffff
67,67,http://dummyimage.com/176x174.png/5fa2dd/ffffff
68,68,http://dummyimage.com/107x142.png/ff4444/ffffff
69,69,http://dummyimage.com/140x128.png/5fa2dd/ffffff
70,70,http://dummyimage.com/102x128.png/cc0000/ffffff
71,71,http://dummyimage.com/156x151.png/ff4444/ffffff
72,72,http://dummyimage.com/130x209.png/dddddd/000000
73,73,http://dummyimage.com/189x117.png/ff4444/ffffff
74,74,http://dummyimage.com/149x235.png/5fa2dd/ffffff
75,75,http://dummyimage.com/200x187.png/5fa2dd/ffffff
76,76,http://dummyimage.com/137x139.png/dddddd/000000
77,77,http://dummyimage.com/133x158.png/5fa2dd/ffffff
78,78,http://dummyimage.com/138x146.png/5fa2dd/ffffff
79,79,http://dummyimage.com/129x212.png/cc0000/ffffff
80,80,http://dummyimage.com/213x246.png/5fa2dd/ffffff
81,81,http://dummyimage.com/196x169.png/dddddd/000000
82,82,http://dummyimage.com/192x105.png/dddddd/000000
83,83,http://dummyimage.com/198x104.png/dddddd/000000
84,84,http://dummyimage.com/201x224.png/5fa2dd/ffffff
85,85,http://dummyimage.com/117x152.png/cc0000/ffffff
86,86,http://dummyimage.com/116x236.png/5fa2dd/ffffff
87,87,http://dummyimage.com/229x196.png/dddddd/000000
88,88,http://dummyimage.com/121x246.png/ff4444/ffffff
89,89,http://dummyimage.com/112x207.png/ff4444/ffffff
90,90,http://dummyimage.com/118x202.png/cc0000/ffffff
91,91,http://dummyimage.com/118x139.png/cc0000/ffffff
92,92,http://dummyimage.com/204x223.png/dddddd/000000
93,93,http://dummyimage.com/229x154.png/cc0000/ffffff
94,94,http://dummyimage.com/233x233.png/dddddd/000000
95,95,http://dummyimage.com/202x112.png/ff4444/ffffff
96,96,http://dummyimage.com/104x182.png/ff4444/ffffff
97,97,http://dummyimage.com/250x123.png/dddddd/000000
98,98,http://dummyimage.com/238x136.png/cc0000/ffffff
99,99,http://dummyimage.com/181x162.png/dddddd/000000
100,100,http://dummyimage.com/204x167.png/5fa2dd/ffffff
101,101,http://dummyimage.com/154x169.png/dddddd/000000
102,102,http://dummyimage.com/242x182.png/5fa2dd/ffffff
103,103,http://dummyimage.com/201x187.png/dddddd/000000
104,104,http://dummyimage.com/154x163.png/dddddd/000000
105,105,http://dummyimage.com/239x149.png/ff4444/ffffff
106,106,http://dummyimage.com/168x152.png/dddddd/000000
107,107,http://dummyimage.com/221x225.png/ff4444/ffffff
108,108,http://dummyimage.com/140x160.png/5fa2dd/ffffff
109,109,http://dummyimage.com/101x183.png/5fa2dd/ffffff
110,110,http://dummyimage.com/201x227.png/dddddd/000000
111,111,http://dummyimage.com/131x216.png/dddddd/000000
112,112,http://dummyimage.com/155x106.png/5fa2dd/ffffff
113,113,http://dummyimage.com/132x152.png/cc0000/ffffff
114,114,http://dummyimage.com/188x121.png/5fa2dd/ffffff
115,115,http://dummyimage.com/128x209.png/cc0000/ffffff
116,116,http://dummyimage.com/150x237.png/ff4444/ffffff
117,117,http://dummyimage.com/131x186.png/5fa2dd/ffffff
118,118,http://dummyimage.com/242x200.png/cc0000/ffffff
119,119,http://dummyimage.com/203x154.png/cc0000/ffffff
120,120,http://dummyimage.com/110x175.png/cc0000/ffffff
121,121,http://dummyimage.com/167x219.png/ff4444/ffffff
122,122,http://dummyimage.com/119x127.png/cc0000/ffffff
123,123,http://dummyimage.com/135x145.png/5fa2dd/ffffff
124,124,http://dummyimage.com/151x166.png/ff4444/ffffff
125,125,http://dummyimage.com/109x117.png/5fa2dd/ffffff
126,126,http://dummyimage.com/134x116.png/ff4444/ffffff
127,127,http://dummyimage.com/219x114.png/ff4444/ffffff
128,128,http://dummyimage.com/162x230.png/5fa2dd/ffffff
129,129,http://dummyimage.com/185x218.png/dddddd/000000
130,130,http://dummyimage.com/184x242.png/5fa2dd/ffffff
131,131,http://dummyimage.com/107x193.png/ff4444/ffffff
132,132,http://dummyimage.com/162x163.png/5fa2dd/ffffff
133,133,http://dummyimage.com/176x148.png/cc0000/ffffff
134,134,http://dummyimage.com/241x140.png/cc0000/ffffff
135,135,http://dummyimage.com/105x155.png/cc0000/ffffff
136,136,http://dummyimage.com/214x112.png/ff4444/ffffff
137,137,http://dummyimage.com/176x216.png/5fa2dd/ffffff
138,138,http://dummyimage.com/242x189.png/cc0000/ffffff
139,139,http://dummyimage.com/182x104.png/cc0000/ffffff
140,140,http://dummyimage.com/164x136.png/dddddd/000000
141,141,http://dummyimage.com/135x104.png/5fa2dd/ffffff
142,142,http://dummyimage.com/138x221.png/cc0000/ffffff
143,143,http://dummyimage.com/226x215.png/ff4444/ffffff
144,144,http://dummyimage.com/165x133.png/dddddd/000000
145,145,http://dummyimage.com/240x126.png/cc0000/ffffff
146,146,http://dummyimage.com/180x249.png/dddddd/000000
147,147,http://dummyimage.com/225x142.png/dddddd/000000
148,148,http://dummyimage.com/163x236.png/dddddd/000000
149,149,http://dummyimage.com/137x189.png/dddddd/000000
150,150,http://dummyimage.com/205x194.png/cc0000/ffffff
151,151,http://dummyimage.com/242x111.png/5fa2dd/ffffff
152,152,http://dummyimage.com/111x241.png/ff4444/ffffff
153,153,http://dummyimage.com/243x158.png/cc0000/ffffff
154,154,http://dummyimage.com/143x184.png/ff4444/ffffff
155,155,http://dummyimage.com/103x234.png/cc0000/ffffff
156,156,http://dummyimage.com/102x243.png/cc0000/ffffff
157,157,http://dummyimage.com/185x177.png/cc0000/ffffff
158,158,http://dummyimage.com/119x171.png/ff4444/ffffff
159,159,http://dummyimage.com/164x159.png/cc0000/ffffff
160,160,http://dummyimage.com/147x169.png/ff4444/ffffff
161,161,http://dummyimage.com/171x204.png/5fa2dd/ffffff
162,162,http://dummyimage.com/117x235.png/5fa2dd/ffffff
163,163,http://dummyimage.com/205x190.png/cc0000/ffffff
164,164,http://dummyimage.com/179x151.png/dddddd/000000
165,165,http://dummyimage.com/247x184.png/5fa2dd/ffffff
166,166,http://dummyimage.com/130x244.png/5fa2dd/ffffff
167,167,http://dummyimage.com/189x173.png/5fa2dd/ffffff
168,168,http://dummyimage.com/159x226.png/ff4444/ffffff
169,169,http://dummyimage.com/154x137.png/5fa2dd/ffffff
170,170,http://dummyimage.com/238x135.png/ff4444/ffffff
171,171,http://dummyimage.com/120x244.png/5fa2dd/ffffff
172,172,http://dummyimage.com/200x123.png/dddddd/000000
173,173,http://dummyimage.com/197x159.png/ff4444/ffffff
174,174,http://dummyimage.com/159x170.png/dddddd/000000
175,175,http://dummyimage.com/167x247.png/dddddd/000000
176,176,http://dummyimage.com/102x209.png/5fa2dd/ffffff
177,177,http://dummyimage.com/210x162.png/cc0000/ffffff
178,178,http://dummyimage.com/129x176.png/ff4444/ffffff
179,179,http://dummyimage.com/141x106.png/dddddd/000000
180,180,http://dummyimage.com/125x112.png/5fa2dd/ffffff
181,181,http://dummyimage.com/157x205.png/dddddd/000000
182,182,http://dummyimage.com/172x247.png/dddddd/000000
183,183,http://dummyimage.com/110x231.png/5fa2dd/ffffff
184,184,http://dummyimage.com/163x245.png/cc0000/ffffff
185,185,http://dummyimage.com/167x171.png/5fa2dd/ffffff
186,186,http://dummyimage.com/153x114.png/cc0000/ffffff
187,187,http://dummyimage.com/199x234.png/5fa2dd/ffffff
188,188,http://dummyimage.com/230x186.png/5fa2dd/ffffff
189,189,http://dummyimage.com/248x142.png/5fa2dd/ffffff
190,190,http://dummyimage.com/142x180.png/dddddd/000000
191,191,http://dummyimage.com/105x160.png/ff4444/ffffff
192,192,http://dummyimage.com/235x197.png/ff4444/ffffff
193,193,http://dummyimage.com/172x224.png/dddddd/000000
194,194,http://dummyimage.com/103x152.png/dddddd/000000
195,195,http://dummyimage.com/218x112.png/5fa2dd/ffffff
196,196,http://dummyimage.com/173x118.png/dddddd/000000
197,197,http://dummyimage.com/248x131.png/dddddd/000000
198,198,http://dummyimage.com/161x121.png/ff4444/ffffff
199,199,http://dummyimage.com/164x177.png/dddddd/000000
200,200,http://dummyimage.com/178x150.png/5fa2dd/ffffff
201,201,http://dummyimage.com/155x194.png/5fa2dd/ffffff
202,202,http://dummyimage.com/197x148.png/5fa2dd/ffffff
203,203,http://dummyimage.com/229x169.png/5fa2dd/ffffff
204,204,http://dummyimage.com/215x215.png/cc0000/ffffff
205,205,http://dummyimage.com/224x154.png/ff4444/ffffff
206,206,http://dummyimage.com/190x154.png/5fa2dd/ffffff
207,207,http://dummyimage.com/199x248.png/cc0000/ffffff
208,208,http://dummyimage.com/109x230.png/ff4444/ffffff
209,209,http://dummyimage.com/141x147.png/dddddd/000000
210,210,http://dummyimage.com/204x101.png/ff4444/ffffff
211,211,http://dummyimage.com/180x130.png/5fa2dd/ffffff
212,212,http://dummyimage.com/129x135.png/dddddd/000000
213,213,http://dummyimage.com/122x106.png/ff4444/ffffff
214,214,http://dummyimage.com/129x206.png/dddddd/000000
215,215,http://dummyimage.com/157x101.png/dddddd/000000
216,216,http://dummyimage.com/182x154.png/cc0000/ffffff
217,217,http://dummyimage.com/114x102.png/cc0000/ffffff
218,218,http://dummyimage.com/119x187.png/5fa2dd/ffffff
219,219,http://dummyimage.com/146x210.png/dddddd/000000
220,220,http://dummyimage.com/130x104.png/ff4444/ffffff
221,221,http://dummyimage.com/222x218.png/cc0000/ffffff
222,222,http://dummyimage.com/135x230.png/ff4444/ffffff
223,223,http://dummyimage.com/188x195.png/cc0000/ffffff
224,224,http://dummyimage.com/226x135.png/dddddd/000000
225,225,http://dummyimage.com/177x248.png/dddddd/000000
226,226,http://dummyimage.com/100x166.png/5fa2dd/ffffff
227,227,http://dummyimage.com/139x236.png/cc0000/ffffff
228,228,http://dummyimage.com/194x231.png/ff4444/ffffff
229,229,http://dummyimage.com/245x180.png/5fa2dd/ffffff
230,230,http://dummyimage.com/186x146.png/dddddd/000000
231,231,http://dummyimage.com/211x133.png/cc0000/ffffff
232,232,http://dummyimage.com/209x196.png/5fa2dd/ffffff
233,233,http://dummyimage.com/193x163.png/cc0000/ffffff
234,234,http://dummyimage.com/228x248.png/5fa2dd/ffffff
235,235,http://dummyimage.com/211x122.png/5fa2dd/ffffff
236,236,http://dummyimage.com/198x140.png/cc0000/ffffff
237,237,http://dummyimage.com/195x182.png/cc0000/ffffff
238,238,http://dummyimage.com/198x179.png/dddddd/000000
239,239,http://dummyimage.com/140x245.png/5fa2dd/ffffff
240,240,http://dummyimage.com/166x134.png/cc0000/ffffff
241,241,http://dummyimage.com/127x234.png/cc0000/ffffff
242,242,http://dummyimage.com/119x172.png/dddddd/000000
243,243,http://dummyimage.com/218x149.png/5fa2dd/ffffff
244,244,http://dummyimage.com/201x146.png/dddddd/000000
245,245,http://dummyimage.com/219x158.png/ff4444/ffffff
246,246,http://dummyimage.com/229x224.png/dddddd/000000
247,247,http://dummyimage.com/144x107.png/cc0000/ffffff
248,248,http://dummyimage.com/248x122.png/dddddd/000000
249,249,http://dummyimage.com/121x128.png/ff4444/ffffff
250,250,http://dummyimage.com/103x247.png/5fa2dd/ffffff
251,251,http://dummyimage.com/139x224.png/5fa2dd/ffffff
252,252,http://dummyimage.com/103x146.png/5fa2dd/ffffff
253,253,http://dummyimage.com/108x145.png/cc0000/ffffff
254,254,http://dummyimage.com/171x223.png/5fa2dd/ffffff
255,255,http://dummyimage.com/219x210.png/ff4444/ffffff
256,256,http://dummyimage.com/200x171.png/5fa2dd/ffffff
257,257,http://dummyimage.com/198x217.png/cc0000/ffffff
258,258,http://dummyimage.com/157x129.png/dddddd/000000
259,259,http://dummyimage.com/177x100.png/dddddd/000000
260,260,http://dummyimage.com/248x158.png/dddddd/000000
261,261,http://dummyimage.com/246x196.png/ff4444/ffffff
262,262,http://dummyimage.com/245x124.png/ff4444/ffffff
263,263,http://dummyimage.com/215x143.png/dddddd/000000
264,264,http://dummyimage.com/244x233.png/cc0000/ffffff
265,265,http://dummyimage.com/119x137.png/5fa2dd/ffffff
266,266,http://dummyimage.com/223x159.png/dddddd/000000
267,267,http://dummyimage.com/213x144.png/cc0000/ffffff
268,268,http://dummyimage.com/121x131.png/dddddd/000000
269,269,http://dummyimage.com/152x103.png/dddddd/000000
270,270,http://dummyimage.com/109x121.png/cc0000/ffffff
271,271,http://dummyimage.com/119x199.png/dddddd/000000
272,272,http://dummyimage.com/175x143.png/dddddd/000000
273,273,http://dummyimage.com/241x198.png/5fa2dd/ffffff
274,274,http://dummyimage.com/240x193.png/ff4444/ffffff
275,275,http://dummyimage.com/214x154.png/ff4444/ffffff
276,276,http://dummyimage.com/177x139.png/dddddd/000000
277,277,http://dummyimage.com/213x148.png/ff4444/ffffff
278,278,http://dummyimage.com/110x126.png/dddddd/000000
279,279,http://dummyimage.com/164x195.png/5fa2dd/ffffff
280,280,http://dummyimage.com/115x162.png/cc0000/ffffff
281,281,http://dummyimage.com/242x130.png/cc0000/ffffff
282,282,http://dummyimage.com/124x118.png/cc0000/ffffff
283,283,http://dummyimage.com/139x109.png/dddddd/000000
284,284,http://dummyimage.com/239x188.png/dddddd/000000
285,285,http://dummyimage.com/201x226.png/cc0000/ffffff
286,286,http://dummyimage.com/166x100.png/dddddd/000000
287,287,http://dummyimage.com/102x195.png/ff4444/ffffff
288,288,http://dummyimage.com/130x190.png/dddddd/000000
289,289,http://dummyimage.com/213x162.png/ff4444/ffffff
290,290,http://dummyimage.com/250x238.png/dddddd/000000
291,291,http://dummyimage.com/139x197.png/cc0000/ffffff
292,292,http://dummyimage.com/215x211.png/5fa2dd/ffffff
293,293,http://dummyimage.com/166x207.png/dddddd/000000
294,294,http://dummyimage.com/130x122.png/cc0000/ffffff
295,295,http://dummyimage.com/146x241.png/5fa2dd/ffffff
296,296,http://dummyimage.com/232x215.png/cc0000/ffffff
297,297,http://dummyimage.com/158x138.png/cc0000/ffffff
298,298,http://dummyimage.com/194x154.png/cc0000/ffffff
299,299,http://dummyimage.com/111x140.png/5fa2dd/ffffff
300,300,http://dummyimage.com/121x242.png/ff4444/ffffff
301,301,http://dummyimage.com/161x218.png/5fa2dd/ffffff
302,302,http://dummyimage.com/229x219.png/5fa2dd/ffffff
303,303,http://dummyimage.com/193x144.png/5fa2dd/ffffff
304,304,http://dummyimage.com/132x239.png/cc0000/ffffff
305,305,http://dummyimage.com/204x157.png/dddddd/000000
306,306,http://dummyimage.com/110x238.png/ff4444/ffffff
307,307,http://dummyimage.com/189x155.png/5fa2dd/ffffff
308,308,http://dummyimage.com/103x162.png/dddddd/000000
309,309,http://dummyimage.com/129x120.png/cc0000/ffffff
310,310,http://dummyimage.com/183x219.png/dddddd/000000
311,311,http://dummyimage.com/153x125.png/dddddd/000000
312,312,http://dummyimage.com/120x156.png/ff4444/ffffff
313,313,http://dummyimage.com/100x160.png/dddddd/000000
314,314,http://dummyimage.com/141x237.png/5fa2dd/ffffff
315,315,http://dummyimage.com/220x146.png/cc0000/ffffff
316,316,http://dummyimage.com/133x198.png/cc0000/ffffff
317,317,http://dummyimage.com/129x162.png/dddddd/000000
318,318,http://dummyimage.com/199x244.png/5fa2dd/ffffff
319,319,http://dummyimage.com/165x162.png/5fa2dd/ffffff
320,320,http://dummyimage.com/101x217.png/ff4444/ffffff
321,321,http://dummyimage.com/161x209.png/dddddd/000000
322,322,http://dummyimage.com/135x112.png/dddddd/000000
323,323,http://dummyimage.com/124x225.png/cc0000/ffffff
324,324,http://dummyimage.com/207x103.png/dddddd/000000
325,325,http://dummyimage.com/106x217.png/dddddd/000000
326,326,http://dummyimage.com/138x149.png/5fa2dd/ffffff
327,327,http://dummyimage.com/192x147.png/dddddd/000000
328,328,http://dummyimage.com/182x248.png/cc0000/ffffff
329,329,http://dummyimage.com/171x123.png/cc0000/ffffff
330,330,http://dummyimage.com/135x177.png/ff4444/ffffff
331,331,http://dummyimage.com/231x174.png/dddddd/000000
332,332,http://dummyimage.com/238x138.png/5fa2dd/ffffff
333,333,http://dummyimage.com/164x250.png/dddddd/000000
334,334,http://dummyimage.com/180x102.png/ff4444/ffffff
335,335,http://dummyimage.com/197x209.png/dddddd/000000
336,336,http://dummyimage.com/242x167.png/cc0000/ffffff
337,337,http://dummyimage.com/180x101.png/cc0000/ffffff
338,338,http://dummyimage.com/211x150.png/5fa2dd/ffffff
339,339,http://dummyimage.com/145x118.png/dddddd/000000
340,340,http://dummyimage.com/123x245.png/5fa2dd/ffffff
341,341,http://dummyimage.com/249x222.png/cc0000/ffffff
342,342,http://dummyimage.com/159x149.png/5fa2dd/ffffff
343,343,http://dummyimage.com/240x153.png/5fa2dd/ffffff
344,344,http://dummyimage.com/226x175.png/cc0000/ffffff
345,345,http://dummyimage.com/105x128.png/cc0000/ffffff
346,346,http://dummyimage.com/213x185.png/5fa2dd/ffffff
347,347,http://dummyimage.com/190x123.png/5fa2dd/ffffff
348,348,http://dummyimage.com/103x122.png/ff4444/ffffff
349,349,http://dummyimage.com/144x128.png/dddddd/000000
350,350,http://dummyimage.com/117x114.png/5fa2dd/ffffff
351,351,http://dummyimage.com/109x145.png/dddddd/000000
352,352,http://dummyimage.com/216x132.png/ff4444/ffffff
353,353,http://dummyimage.com/105x132.png/dddddd/000000
354,354,http://dummyimage.com/175x162.png/5fa2dd/ffffff
355,355,http://dummyimage.com/206x167.png/5fa2dd/ffffff
356,356,http://dummyimage.com/244x183.png/5fa2dd/ffffff
357,357,http://dummyimage.com/205x171.png/dddddd/000000
358,358,http://dummyimage.com/171x238.png/ff4444/ffffff
359,359,http://dummyimage.com/137x135.png/cc0000/ffffff
360,360,http://dummyimage.com/186x133.png/dddddd/000000
361,361,http://dummyimage.com/230x115.png/dddddd/000000
362,362,http://dummyimage.com/225x227.png/cc0000/ffffff
363,363,http://dummyimage.com/111x139.png/dddddd/000000
364,364,http://dummyimage.com/154x240.png/cc0000/ffffff
365,365,http://dummyimage.com/168x191.png/5fa2dd/ffffff
366,366,http://dummyimage.com/154x139.png/5fa2dd/ffffff
367,367,http://dummyimage.com/123x237.png/5fa2dd/ffffff
368,368,http://dummyimage.com/130x151.png/dddddd/000000
369,369,http://dummyimage.com/208x166.png/dddddd/000000
370,370,http://dummyimage.com/124x171.png/ff4444/ffffff
371,371,http://dummyimage.com/117x100.png/5fa2dd/ffffff
372,372,http://dummyimage.com/217x152.png/dddddd/000000
373,373,http://dummyimage.com/209x217.png/ff4444/ffffff
374,374,http://dummyimage.com/100x185.png/dddddd/000000
375,375,http://dummyimage.com/156x202.png/dddddd/000000
376,376,http://dummyimage.com/218x113.png/5fa2dd/ffffff
377,377,http://dummyimage.com/180x218.png/dddddd/000000
378,378,http://dummyimage.com/188x176.png/dddddd/000000
379,379,http://dummyimage.com/157x226.png/ff4444/ffffff
380,380,http://dummyimage.com/250x217.png/cc0000/ffffff
381,381,http://dummyimage.com/145x160.png/dddddd/000000
382,382,http://dummyimage.com/127x114.png/ff4444/ffffff
383,383,http://dummyimage.com/201x120.png/5fa2dd/ffffff
384,384,http://dummyimage.com/167x148.png/ff4444/ffffff
385,385,http://dummyimage.com/232x122.png/ff4444/ffffff
386,386,http://dummyimage.com/220x152.png/cc0000/ffffff
387,387,http://dummyimage.com/128x232.png/dddddd/000000
388,388,http://dummyimage.com/134x186.png/ff4444/ffffff
389,389,http://dummyimage.com/124x195.png/dddddd/000000
390,390,http://dummyimage.com/190x224.png/cc0000/ffffff
391,391,http://dummyimage.com/169x147.png/5fa2dd/ffffff
392,392,http://dummyimage.com/117x143.png/cc0000/ffffff
393,393,http://dummyimage.com/229x220.png/ff4444/ffffff
394,394,http://dummyimage.com/157x126.png/5fa2dd/ffffff
395,395,http://dummyimage.com/245x155.png/5fa2dd/ffffff
396,396,http://dummyimage.com/149x210.png/cc0000/ffffff
397,397,http://dummyimage.com/219x166.png/dddddd/000000
398,398,http://dummyimage.com/209x244.png/ff4444/ffffff
399,399,http://dummyimage.com/111x107.png/ff4444/ffffff
400,400,http://dummyimage.com/180x207.png/dddddd/000000
401,401,http://dummyimage.com/202x112.png/cc0000/ffffff
402,402,http://dummyimage.com/173x185.png/dddddd/000000
403,403,http://dummyimage.com/202x230.png/cc0000/ffffff
404,404,http://dummyimage.com/206x133.png/5fa2dd/ffffff
405,405,http://dummyimage.com/248x171.png/5fa2dd/ffffff
406,406,http://dummyimage.com/225x208.png/cc0000/ffffff
407,407,http://dummyimage.com/186x142.png/ff4444/ffffff
408,408,http://dummyimage.com/165x220.png/5fa2dd/ffffff
409,409,http://dummyimage.com/143x196.png/cc0000/ffffff
410,410,http://dummyimage.com/163x179.png/5fa2dd/ffffff
411,411,http://dummyimage.com/213x119.png/ff4444/ffffff
412,412,http://dummyimage.com/205x232.png/5fa2dd/ffffff
413,413,http://dummyimage.com/158x229.png/cc0000/ffffff
414,414,http://dummyimage.com/243x142.png/ff4444/ffffff
415,415,http://dummyimage.com/190x213.png/ff4444/ffffff
416,416,http://dummyimage.com/122x131.png/dddddd/000000
417,417,http://dummyimage.com/173x161.png/5fa2dd/ffffff
418,418,http://dummyimage.com/207x193.png/dddddd/000000
419,419,http://dummyimage.com/193x191.png/dddddd/000000
420,420,http://dummyimage.com/162x236.png/5fa2dd/ffffff
421,421,http://dummyimage.com/230x240.png/cc0000/ffffff
422,422,http://dummyimage.com/155x171.png/5fa2dd/ffffff
423,423,http://dummyimage.com/143x205.png/cc0000/ffffff
424,424,http://dummyimage.com/130x240.png/cc0000/ffffff
425,425,http://dummyimage.com/184x187.png/5fa2dd/ffffff
426,426,http://dummyimage.com/108x118.png/ff4444/ffffff
427,427,http://dummyimage.com/156x225.png/dddddd/000000
428,428,http://dummyimage.com/113x210.png/ff4444/ffffff
429,429,http://dummyimage.com/205x245.png/5fa2dd/ffffff
430,430,http://dummyimage.com/224x157.png/5fa2dd/ffffff
431,431,http://dummyimage.com/192x245.png/cc0000/ffffff
432,432,http://dummyimage.com/239x144.png/dddddd/000000
433,433,http://dummyimage.com/137x220.png/5fa2dd/ffffff
434,434,http://dummyimage.com/221x193.png/5fa2dd/ffffff
435,435,http://dummyimage.com/137x199.png/ff4444/ffffff
436,436,http://dummyimage.com/209x161.png/5fa2dd/ffffff
437,437,http://dummyimage.com/243x143.png/5fa2dd/ffffff
438,438,http://dummyimage.com/240x191.png/ff4444/ffffff
439,439,http://dummyimage.com/235x124.png/5fa2dd/ffffff
440,440,http://dummyimage.com/207x216.png/5fa2dd/ffffff
441,441,http://dummyimage.com/174x124.png/dddddd/000000
442,442,http://dummyimage.com/204x217.png/5fa2dd/ffffff
443,443,http://dummyimage.com/132x206.png/cc0000/ffffff
444,444,http://dummyimage.com/193x141.png/ff4444/ffffff
445,445,http://dummyimage.com/250x217.png/5fa2dd/ffffff
446,446,http://dummyimage.com/183x193.png/5fa2dd/ffffff
447,447,http://dummyimage.com/214x228.png/ff4444/ffffff
448,448,http://dummyimage.com/247x134.png/ff4444/ffffff
449,449,http://dummyimage.com/125x155.png/5fa2dd/ffffff
450,450,http://dummyimage.com/235x116.png/5fa2dd/ffffff
451,451,http://dummyimage.com/225x187.png/cc0000/ffffff
452,452,http://dummyimage.com/119x111.png/cc0000/ffffff
453,453,http://dummyimage.com/205x213.png/dddddd/000000
454,454,http://dummyimage.com/152x135.png/5fa2dd/ffffff
455,455,http://dummyimage.com/228x178.png/5fa2dd/ffffff
456,456,http://dummyimage.com/242x141.png/dddddd/000000
457,457,http://dummyimage.com/177x168.png/5fa2dd/ffffff
458,458,http://dummyimage.com/157x242.png/ff4444/ffffff
459,459,http://dummyimage.com/118x188.png/ff4444/ffffff
460,460,http://dummyimage.com/106x184.png/ff4444/ffffff
461,461,http://dummyimage.com/241x235.png/cc0000/ffffff
462,462,http://dummyimage.com/125x100.png/5fa2dd/ffffff
463,463,http://dummyimage.com/228x167.png/5fa2dd/ffffff
464,464,http://dummyimage.com/132x229.png/5fa2dd/ffffff
465,465,http://dummyimage.com/238x136.png/dddddd/000000
466,466,http://dummyimage.com/192x198.png/ff4444/ffffff
467,467,http://dummyimage.com/195x230.png/cc0000/ffffff
468,468,http://dummyimage.com/188x248.png/5fa2dd/ffffff
469,469,http://dummyimage.com/117x195.png/ff4444/ffffff
470,470,http://dummyimage.com/200x246.png/ff4444/ffffff
471,471,http://dummyimage.com/167x134.png/dddddd/000000
472,472,http://dummyimage.com/108x121.png/dddddd/000000
473,473,http://dummyimage.com/215x176.png/ff4444/ffffff
474,474,http://dummyimage.com/156x221.png/5fa2dd/ffffff
475,475,http://dummyimage.com/235x188.png/ff4444/ffffff
476,476,http://dummyimage.com/130x178.png/ff4444/ffffff
477,477,http://dummyimage.com/108x172.png/ff4444/ffffff
478,478,http://dummyimage.com/211x240.png/ff4444/ffffff
479,479,http://dummyimage.com/114x154.png/ff4444/ffffff
480,480,http://dummyimage.com/235x161.png/ff4444/ffffff
481,481,http://dummyimage.com/242x153.png/ff4444/ffffff
482,482,http://dummyimage.com/232x192.png/cc0000/ffffff
483,483,http://dummyimage.com/163x235.png/cc0000/ffffff
484,484,http://dummyimage.com/235x207.png/5fa2dd/ffffff
485,485,http://dummyimage.com/156x194.png/dddddd/000000
486,486,http://dummyimage.com/110x125.png/cc0000/ffffff
487,487,http://dummyimage.com/190x188.png/dddddd/000000
488,488,http://dummyimage.com/107x245.png/5fa2dd/ffffff
489,489,http://dummyimage.com/235x134.png/5fa2dd/ffffff
490,490,http://dummyimage.com/110x210.png/cc0000/ffffff
491,491,http://dummyimage.com/159x159.png/cc0000/ffffff
492,492,http://dummyimage.com/209x104.png/5fa2dd/ffffff
493,493,http://dummyimage.com/192x219.png/cc0000/ffffff
494,494,http://dummyimage.com/107x151.png/ff4444/ffffff
495,495,http://dummyimage.com/131x214.png/cc0000/ffffff
496,496,http://dummyimage.com/198x191.png/5fa2dd/ffffff
497,497,http://dummyimage.com/183x209.png/dddddd/000000
498,498,http://dummyimage.com/160x195.png/5fa2dd/ffffff
499,499,http://dummyimage.com/140x227.png/cc0000/ffffff
500,500,http://dummyimage.com/176x117.png/5fa2dd/ffffff
501,501,http://dummyimage.com/240x219.png/cc0000/ffffff
502,502,http://dummyimage.com/219x113.png/dddddd/000000
503,503,http://dummyimage.com/177x206.png/ff4444/ffffff
504,504,http://dummyimage.com/157x205.png/ff4444/ffffff
505,505,http://dummyimage.com/194x158.png/ff4444/ffffff
506,506,http://dummyimage.com/236x104.png/ff4444/ffffff
507,507,http://dummyimage.com/191x156.png/dddddd/000000
508,508,http://dummyimage.com/111x239.png/dddddd/000000
509,509,http://dummyimage.com/159x199.png/cc0000/ffffff
510,510,http://dummyimage.com/208x174.png/ff4444/ffffff
511,511,http://dummyimage.com/184x131.png/5fa2dd/ffffff
512,512,http://dummyimage.com/149x181.png/5fa2dd/ffffff
513,513,http://dummyimage.com/103x234.png/dddddd/000000
514,514,http://dummyimage.com/175x209.png/ff4444/ffffff
515,515,http://dummyimage.com/196x111.png/dddddd/000000
516,516,http://dummyimage.com/138x105.png/ff4444/ffffff
517,517,http://dummyimage.com/179x225.png/dddddd/000000
518,518,http://dummyimage.com/154x195.png/cc0000/ffffff
519,519,http://dummyimage.com/176x172.png/cc0000/ffffff
520,520,http://dummyimage.com/231x174.png/ff4444/ffffff
521,521,http://dummyimage.com/194x119.png/5fa2dd/ffffff
522,522,http://dummyimage.com/233x104.png/5fa2dd/ffffff
523,523,http://dummyimage.com/106x215.png/cc0000/ffffff
524,524,http://dummyimage.com/152x156.png/dddddd/000000
525,525,http://dummyimage.com/188x146.png/ff4444/ffffff
526,526,http://dummyimage.com/180x239.png/dddddd/000000
527,527,http://dummyimage.com/170x117.png/dddddd/000000
528,528,http://dummyimage.com/201x191.png/ff4444/ffffff
529,529,http://dummyimage.com/216x207.png/5fa2dd/ffffff
530,530,http://dummyimage.com/181x113.png/dddddd/000000
531,531,http://dummyimage.com/199x228.png/cc0000/ffffff
532,532,http://dummyimage.com/160x108.png/dddddd/000000
533,533,http://dummyimage.com/239x241.png/ff4444/ffffff
534,534,http://dummyimage.com/192x193.png/dddddd/000000
535,535,http://dummyimage.com/226x181.png/ff4444/ffffff
536,536,http://dummyimage.com/217x112.png/5fa2dd/ffffff
537,537,http://dummyimage.com/182x116.png/cc0000/ffffff
538,538,http://dummyimage.com/151x186.png/ff4444/ffffff
539,539,http://dummyimage.com/243x244.png/dddddd/000000
540,540,http://dummyimage.com/106x225.png/dddddd/000000
541,541,http://dummyimage.com/227x236.png/cc0000/ffffff
542,542,http://dummyimage.com/101x107.png/5fa2dd/ffffff
543,543,http://dummyimage.com/197x203.png/cc0000/ffffff
544,544,http://dummyimage.com/234x170.png/cc0000/ffffff
545,545,http://dummyimage.com/229x161.png/ff4444/ffffff
546,546,http://dummyimage.com/160x109.png/dddddd/000000
547,547,http://dummyimage.com/129x241.png/dddddd/000000
548,548,http://dummyimage.com/136x162.png/cc0000/ffffff
549,549,http://dummyimage.com/166x199.png/ff4444/ffffff
550,550,http://dummyimage.com/218x232.png/dddddd/000000
551,551,http://dummyimage.com/123x109.png/5fa2dd/ffffff
552,552,http://dummyimage.com/221x233.png/cc0000/ffffff
553,553,http://dummyimage.com/240x243.png/dddddd/000000
554,554,http://dummyimage.com/125x223.png/dddddd/000000
555,555,http://dummyimage.com/245x124.png/cc0000/ffffff
556,556,http://dummyimage.com/173x151.png/5fa2dd/ffffff
557,557,http://dummyimage.com/175x249.png/5fa2dd/ffffff
558,558,http://dummyimage.com/206x229.png/cc0000/ffffff
559,559,http://dummyimage.com/249x212.png/5fa2dd/ffffff
560,560,http://dummyimage.com/137x174.png/ff4444/ffffff
561,561,http://dummyimage.com/121x186.png/cc0000/ffffff
562,562,http://dummyimage.com/189x228.png/ff4444/ffffff
563,563,http://dummyimage.com/175x164.png/dddddd/000000
564,564,http://dummyimage.com/136x125.png/cc0000/ffffff
565,565,http://dummyimage.com/233x228.png/dddddd/000000
566,566,http://dummyimage.com/177x129.png/dddddd/000000
567,567,http://dummyimage.com/163x133.png/cc0000/ffffff
568,568,http://dummyimage.com/185x131.png/cc0000/ffffff
569,569,http://dummyimage.com/115x146.png/cc0000/ffffff
570,570,http://dummyimage.com/125x198.png/5fa2dd/ffffff
571,571,http://dummyimage.com/148x189.png/5fa2dd/ffffff
572,572,http://dummyimage.com/125x155.png/ff4444/ffffff
573,573,http://dummyimage.com/200x116.png/cc0000/ffffff
574,574,http://dummyimage.com/187x105.png/cc0000/ffffff
575,575,http://dummyimage.com/237x170.png/dddddd/000000
576,576,http://dummyimage.com/230x144.png/ff4444/ffffff
577,577,http://dummyimage.com/142x174.png/5fa2dd/ffffff
578,578,http://dummyimage.com/100x191.png/dddddd/000000
579,579,http://dummyimage.com/141x102.png/5fa2dd/ffffff
580,580,http://dummyimage.com/228x233.png/dddddd/000000
581,581,http://dummyimage.com/133x247.png/ff4444/ffffff
582,582,http://dummyimage.com/200x167.png/dddddd/000000
583,583,http://dummyimage.com/246x145.png/ff4444/ffffff
584,584,http://dummyimage.com/115x104.png/cc0000/ffffff
585,585,http://dummyimage.com/211x190.png/ff4444/ffffff
586,586,http://dummyimage.com/189x183.png/cc0000/ffffff
587,587,http://dummyimage.com/227x219.png/5fa2dd/ffffff
588,588,http://dummyimage.com/228x226.png/cc0000/ffffff
589,589,http://dummyimage.com/143x235.png/5fa2dd/ffffff
590,590,http://dummyimage.com/119x148.png/ff4444/ffffff
591,591,http://dummyimage.com/239x185.png/5fa2dd/ffffff
592,592,http://dummyimage.com/204x191.png/cc0000/ffffff
593,593,http://dummyimage.com/124x119.png/cc0000/ffffff
594,594,http://dummyimage.com/159x140.png/cc0000/ffffff
595,595,http://dummyimage.com/196x144.png/cc0000/ffffff
596,596,http://dummyimage.com/111x123.png/cc0000/ffffff
597,597,http://dummyimage.com/197x184.png/dddddd/000000
598,598,http://dummyimage.com/217x231.png/5fa2dd/ffffff
599,599,http://dummyimage.com/175x137.png/ff4444/ffffff
600,600,http://dummyimage.com/250x189.png/cc0000/ffffff
601,601,http://dummyimage.com/159x194.png/cc0000/ffffff
602,602,http://dummyimage.com/167x197.png/dddddd/000000
603,603,http://dummyimage.com/133x165.png/5fa2dd/ffffff
604,604,http://dummyimage.com/121x193.png/dddddd/000000
605,605,http://dummyimage.com/227x158.png/cc0000/ffffff
606,606,http://dummyimage.com/208x160.png/5fa2dd/ffffff
607,607,http://dummyimage.com/129x143.png/5fa2dd/ffffff
608,608,http://dummyimage.com/158x156.png/dddddd/000000
609,609,http://dummyimage.com/209x168.png/cc0000/ffffff
610,610,http://dummyimage.com/214x127.png/5fa2dd/ffffff
611,611,http://dummyimage.com/224x216.png/cc0000/ffffff
612,612,http://dummyimage.com/186x206.png/ff4444/ffffff
613,613,http://dummyimage.com/130x140.png/dddddd/000000
614,614,http://dummyimage.com/167x234.png/dddddd/000000
615,615,http://dummyimage.com/197x182.png/5fa2dd/ffffff
616,616,http://dummyimage.com/215x146.png/ff4444/ffffff
617,617,http://dummyimage.com/248x113.png/5fa2dd/ffffff
618,618,http://dummyimage.com/131x250.png/ff4444/ffffff
619,619,http://dummyimage.com/208x213.png/cc0000/ffffff
620,620,http://dummyimage.com/213x194.png/ff4444/ffffff
621,621,http://dummyimage.com/183x195.png/ff4444/ffffff
622,622,http://dummyimage.com/172x145.png/ff4444/ffffff
623,623,http://dummyimage.com/221x229.png/cc0000/ffffff
624,624,http://dummyimage.com/105x144.png/ff4444/ffffff
625,625,http://dummyimage.com/185x209.png/5fa2dd/ffffff
626,626,http://dummyimage.com/109x146.png/5fa2dd/ffffff
627,627,http://dummyimage.com/204x105.png/dddddd/000000
628,628,http://dummyimage.com/246x186.png/5fa2dd/ffffff
629,629,http://dummyimage.com/107x245.png/5fa2dd/ffffff
630,630,http://dummyimage.com/105x248.png/cc0000/ffffff
631,631,http://dummyimage.com/131x126.png/dddddd/000000
632,632,http://dummyimage.com/194x209.png/dddddd/000000
633,633,http://dummyimage.com/113x170.png/5fa2dd/ffffff
634,634,http://dummyimage.com/147x185.png/dddddd/000000
635,635,http://dummyimage.com/117x129.png/5fa2dd/ffffff
636,636,http://dummyimage.com/102x204.png/ff4444/ffffff
637,637,http://dummyimage.com/156x234.png/cc0000/ffffff
638,638,http://dummyimage.com/197x213.png/dddddd/000000
639,639,http://dummyimage.com/181x224.png/ff4444/ffffff
640,640,http://dummyimage.com/216x245.png/ff4444/ffffff
641,641,http://dummyimage.com/170x227.png/ff4444/ffffff
642,642,http://dummyimage.com/149x179.png/cc0000/ffffff
643,643,http://dummyimage.com/240x142.png/ff4444/ffffff
644,644,http://dummyimage.com/149x243.png/ff4444/ffffff
645,645,http://dummyimage.com/104x166.png/dddddd/000000
646,646,http://dummyimage.com/197x217.png/5fa2dd/ffffff
647,647,http://dummyimage.com/168x209.png/ff4444/ffffff
648,648,http://dummyimage.com/178x177.png/ff4444/ffffff
649,649,http://dummyimage.com/135x220.png/5fa2dd/ffffff
650,650,http://dummyimage.com/170x225.png/ff4444/ffffff
651,651,http://dummyimage.com/110x209.png/dddddd/000000
652,652,http://dummyimage.com/239x115.png/5fa2dd/ffffff
653,653,http://dummyimage.com/202x184.png/dddddd/000000
654,654,http://dummyimage.com/149x112.png/ff4444/ffffff
655,655,http://dummyimage.com/170x124.png/5fa2dd/ffffff
656,656,http://dummyimage.com/120x217.png/5fa2dd/ffffff
657,657,http://dummyimage.com/126x131.png/cc0000/ffffff
658,658,http://dummyimage.com/174x125.png/cc0000/ffffff
659,659,http://dummyimage.com/202x242.png/dddddd/000000
660,660,http://dummyimage.com/211x245.png/5fa2dd/ffffff
661,661,http://dummyimage.com/173x164.png/ff4444/ffffff
662,662,http://dummyimage.com/201x122.png/cc0000/ffffff
663,663,http://dummyimage.com/115x139.png/dddddd/000000
664,664,http://dummyimage.com/161x115.png/ff4444/ffffff
665,665,http://dummyimage.com/178x121.png/5fa2dd/ffffff
666,666,http://dummyimage.com/175x117.png/ff4444/ffffff
667,667,http://dummyimage.com/249x172.png/dddddd/000000
668,668,http://dummyimage.com/177x187.png/dddddd/000000
669,669,http://dummyimage.com/164x150.png/5fa2dd/ffffff
670,670,http://dummyimage.com/146x153.png/dddddd/000000
671,671,http://dummyimage.com/230x190.png/cc0000/ffffff
672,672,http://dummyimage.com/224x186.png/ff4444/ffffff
673,673,http://dummyimage.com/233x189.png/cc0000/ffffff
674,674,http://dummyimage.com/211x161.png/dddddd/000000
675,675,http://dummyimage.com/132x150.png/cc0000/ffffff
676,676,http://dummyimage.com/190x123.png/5fa2dd/ffffff
677,677,http://dummyimage.com/243x162.png/cc0000/ffffff
678,678,http://dummyimage.com/165x160.png/dddddd/000000
679,679,http://dummyimage.com/236x213.png/ff4444/ffffff
680,680,http://dummyimage.com/166x109.png/dddddd/000000
681,681,http://dummyimage.com/197x223.png/cc0000/ffffff
682,682,http://dummyimage.com/244x230.png/cc0000/ffffff
683,683,http://dummyimage.com/129x154.png/cc0000/ffffff
684,684,http://dummyimage.com/117x205.png/ff4444/ffffff
685,685,http://dummyimage.com/222x127.png/ff4444/ffffff
686,686,http://dummyimage.com/218x186.png/5fa2dd/ffffff
687,687,http://dummyimage.com/220x166.png/5fa2dd/ffffff
688,688,http://dummyimage.com/166x198.png/cc0000/ffffff
689,689,http://dummyimage.com/150x109.png/cc0000/ffffff
690,690,http://dummyimage.com/168x204.png/cc0000/ffffff
691,691,http://dummyimage.com/248x222.png/dddddd/000000
692,692,http://dummyimage.com/238x112.png/cc0000/ffffff
693,693,http://dummyimage.com/120x224.png/ff4444/ffffff
694,694,http://dummyimage.com/224x155.png/cc0000/ffffff
695,695,http://dummyimage.com/210x128.png/dddddd/000000
696,696,http://dummyimage.com/218x111.png/5fa2dd/ffffff
697,697,http://dummyimage.com/172x214.png/5fa2dd/ffffff
698,698,http://dummyimage.com/189x241.png/5fa2dd/ffffff
699,699,http://dummyimage.com/168x246.png/cc0000/ffffff
700,700,http://dummyimage.com/244x114.png/dddddd/000000
701,701,http://dummyimage.com/140x217.png/cc0000/ffffff
702,702,http://dummyimage.com/104x133.png/ff4444/ffffff
703,703,http://dummyimage.com/147x141.png/ff4444/ffffff
704,704,http://dummyimage.com/240x248.png/dddddd/000000
705,705,http://dummyimage.com/137x222.png/5fa2dd/ffffff
706,706,http://dummyimage.com/147x192.png/dddddd/000000
707,707,http://dummyimage.com/214x232.png/5fa2dd/ffffff
708,708,http://dummyimage.com/187x234.png/cc0000/ffffff
709,709,http://dummyimage.com/237x249.png/5fa2dd/ffffff
710,710,http://dummyimage.com/201x236.png/cc0000/ffffff
711,711,http://dummyimage.com/185x113.png/ff4444/ffffff
712,712,http://dummyimage.com/124x157.png/cc0000/ffffff
713,713,http://dummyimage.com/211x209.png/5fa2dd/ffffff
714,714,http://dummyimage.com/164x133.png/ff4444/ffffff
715,715,http://dummyimage.com/178x233.png/cc0000/ffffff
716,716,http://dummyimage.com/113x241.png/ff4444/ffffff
717,717,http://dummyimage.com/107x131.png/5fa2dd/ffffff
718,718,http://dummyimage.com/168x135.png/5fa2dd/ffffff
719,719,http://dummyimage.com/211x101.png/ff4444/ffffff
720,720,http://dummyimage.com/183x115.png/5fa2dd/ffffff
721,721,http://dummyimage.com/219x180.png/cc0000/ffffff
722,722,http://dummyimage.com/203x245.png/5fa2dd/ffffff
723,723,http://dummyimage.com/114x208.png/dddddd/000000
724,724,http://dummyimage.com/209x157.png/cc0000/ffffff
725,725,http://dummyimage.com/140x217.png/5fa2dd/ffffff
726,726,http://dummyimage.com/177x112.png/cc0000/ffffff
727,727,http://dummyimage.com/143x140.png/dddddd/000000
728,728,http://dummyimage.com/237x191.png/5fa2dd/ffffff
729,729,http://dummyimage.com/181x225.png/dddddd/000000
730,730,http://dummyimage.com/183x108.png/5fa2dd/ffffff
731,731,http://dummyimage.com/213x169.png/cc0000/ffffff
732,732,http://dummyimage.com/117x197.png/5fa2dd/ffffff
733,733,http://dummyimage.com/134x116.png/dddddd/000000
734,734,http://dummyimage.com/128x158.png/cc0000/ffffff
735,735,http://dummyimage.com/235x121.png/ff4444/ffffff
736,736,http://dummyimage.com/130x128.png/dddddd/000000
737,737,http://dummyimage.com/104x224.png/ff4444/ffffff
738,738,http://dummyimage.com/153x108.png/cc0000/ffffff
739,739,http://dummyimage.com/202x247.png/5fa2dd/ffffff
740,740,http://dummyimage.com/210x121.png/5fa2dd/ffffff
741,741,http://dummyimage.com/194x163.png/dddddd/000000
742,742,http://dummyimage.com/118x103.png/cc0000/ffffff
743,743,http://dummyimage.com/202x185.png/5fa2dd/ffffff
744,744,http://dummyimage.com/153x195.png/cc0000/ffffff
745,745,http://dummyimage.com/111x240.png/ff4444/ffffff
746,746,http://dummyimage.com/244x197.png/cc0000/ffffff
747,747,http://dummyimage.com/163x116.png/cc0000/ffffff
748,748,http://dummyimage.com/148x140.png/dddddd/000000
749,749,http://dummyimage.com/189x136.png/dddddd/000000
750,750,http://dummyimage.com/209x166.png/dddddd/000000
751,751,http://dummyimage.com/126x247.png/cc0000/ffffff
752,752,http://dummyimage.com/112x185.png/dddddd/000000
753,753,http://dummyimage.com/129x234.png/5fa2dd/ffffff
754,754,http://dummyimage.com/192x175.png/5fa2dd/ffffff
755,755,http://dummyimage.com/199x211.png/5fa2dd/ffffff
756,756,http://dummyimage.com/239x122.png/5fa2dd/ffffff
757,757,http://dummyimage.com/105x113.png/dddddd/000000
758,758,http://dummyimage.com/105x147.png/dddddd/000000
759,759,http://dummyimage.com/144x111.png/ff4444/ffffff
760,760,http://dummyimage.com/239x137.png/ff4444/ffffff
761,761,http://dummyimage.com/210x147.png/ff4444/ffffff
762,762,http://dummyimage.com/166x112.png/ff4444/ffffff
763,763,http://dummyimage.com/106x202.png/ff4444/ffffff
764,764,http://dummyimage.com/180x247.png/cc0000/ffffff
765,765,http://dummyimage.com/192x126.png/dddddd/000000
766,766,http://dummyimage.com/213x112.png/cc0000/ffffff
767,767,http://dummyimage.com/247x115.png/cc0000/ffffff
768,768,http://dummyimage.com/159x221.png/dddddd/000000
769,769,http://dummyimage.com/224x194.png/cc0000/ffffff
770,770,http://dummyimage.com/198x131.png/ff4444/ffffff
771,771,http://dummyimage.com/118x207.png/cc0000/ffffff
772,772,http://dummyimage.com/207x140.png/ff4444/ffffff
773,773,http://dummyimage.com/212x171.png/ff4444/ffffff
774,774,http://dummyimage.com/247x113.png/5fa2dd/ffffff
775,775,http://dummyimage.com/172x235.png/dddddd/000000
776,776,http://dummyimage.com/216x245.png/5fa2dd/ffffff
777,777,http://dummyimage.com/167x242.png/cc0000/ffffff
778,778,http://dummyimage.com/156x165.png/ff4444/ffffff
779,779,http://dummyimage.com/117x200.png/dddddd/000000
780,780,http://dummyimage.com/234x192.png/5fa2dd/ffffff
781,781,http://dummyimage.com/223x113.png/dddddd/000000
782,782,http://dummyimage.com/208x214.png/ff4444/ffffff
783,783,http://dummyimage.com/187x196.png/ff4444/ffffff
784,784,http://dummyimage.com/101x207.png/cc0000/ffffff
785,785,http://dummyimage.com/113x123.png/dddddd/000000
786,786,http://dummyimage.com/241x120.png/cc0000/ffffff
787,787,http://dummyimage.com/177x230.png/5fa2dd/ffffff
788,788,http://dummyimage.com/195x107.png/5fa2dd/ffffff
789,789,http://dummyimage.com/190x186.png/5fa2dd/ffffff
790,790,http://dummyimage.com/182x132.png/cc0000/ffffff
791,791,http://dummyimage.com/141x246.png/ff4444/ffffff
792,792,http://dummyimage.com/222x109.png/5fa2dd/ffffff
793,793,http://dummyimage.com/113x137.png/ff4444/ffffff
794,794,http://dummyimage.com/158x217.png/cc0000/ffffff
795,795,http://dummyimage.com/115x216.png/ff4444/ffffff
796,796,http://dummyimage.com/131x184.png/ff4444/ffffff
797,797,http://dummyimage.com/138x184.png/5fa2dd/ffffff
798,798,http://dummyimage.com/153x147.png/cc0000/ffffff
799,799,http://dummyimage.com/247x134.png/dddddd/000000
800,800,http://dummyimage.com/155x198.png/ff4444/ffffff
801,801,http://dummyimage.com/243x125.png/5fa2dd/ffffff
802,802,http://dummyimage.com/190x158.png/5fa2dd/ffffff
803,803,http://dummyimage.com/122x245.png/ff4444/ffffff
804,804,http://dummyimage.com/224x117.png/5fa2dd/ffffff
805,805,http://dummyimage.com/239x129.png/dddddd/000000
806,806,http://dummyimage.com/194x151.png/5fa2dd/ffffff
807,807,http://dummyimage.com/200x240.png/cc0000/ffffff
808,808,http://dummyimage.com/216x231.png/ff4444/ffffff
809,809,http://dummyimage.com/235x107.png/cc0000/ffffff
810,810,http://dummyimage.com/228x214.png/ff4444/ffffff
811,811,http://dummyimage.com/164x121.png/5fa2dd/ffffff
812,812,http://dummyimage.com/222x202.png/cc0000/ffffff
813,813,http://dummyimage.com/163x117.png/5fa2dd/ffffff
814,814,http://dummyimage.com/225x118.png/5fa2dd/ffffff
815,815,http://dummyimage.com/100x142.png/dddddd/000000
816,816,http://dummyimage.com/175x154.png/5fa2dd/ffffff
817,817,http://dummyimage.com/204x196.png/ff4444/ffffff
818,818,http://dummyimage.com/244x105.png/5fa2dd/ffffff
819,819,http://dummyimage.com/238x125.png/ff4444/ffffff
820,820,http://dummyimage.com/139x224.png/ff4444/ffffff
821,821,http://dummyimage.com/153x180.png/cc0000/ffffff
822,822,http://dummyimage.com/107x123.png/dddddd/000000
823,823,http://dummyimage.com/105x237.png/dddddd/000000
824,824,http://dummyimage.com/124x146.png/ff4444/ffffff
825,825,http://dummyimage.com/113x225.png/ff4444/ffffff
826,826,http://dummyimage.com/130x171.png/5fa2dd/ffffff
827,827,http://dummyimage.com/132x114.png/cc0000/ffffff
828,828,http://dummyimage.com/108x242.png/ff4444/ffffff
829,829,http://dummyimage.com/233x213.png/cc0000/ffffff
830,830,http://dummyimage.com/145x219.png/ff4444/ffffff
831,831,http://dummyimage.com/120x199.png/cc0000/ffffff
832,832,http://dummyimage.com/238x229.png/dddddd/000000
833,833,http://dummyimage.com/208x233.png/ff4444/ffffff
834,834,http://dummyimage.com/149x130.png/dddddd/000000
835,835,http://dummyimage.com/207x157.png/5fa2dd/ffffff
836,836,http://dummyimage.com/223x242.png/dddddd/000000
837,837,http://dummyimage.com/127x102.png/dddddd/000000
838,838,http://dummyimage.com/202x158.png/ff4444/ffffff
839,839,http://dummyimage.com/149x144.png/cc0000/ffffff
840,840,http://dummyimage.com/221x213.png/dddddd/000000
841,841,http://dummyimage.com/193x142.png/ff4444/ffffff
842,842,http://dummyimage.com/239x111.png/dddddd/000000
843,843,http://dummyimage.com/107x199.png/cc0000/ffffff
844,844,http://dummyimage.com/180x155.png/cc0000/ffffff
845,845,http://dummyimage.com/146x129.png/cc0000/ffffff
846,846,http://dummyimage.com/178x150.png/cc0000/ffffff
847,847,http://dummyimage.com/100x143.png/dddddd/000000
848,848,http://dummyimage.com/225x144.png/cc0000/ffffff
849,849,http://dummyimage.com/156x220.png/ff4444/ffffff
850,850,http://dummyimage.com/165x192.png/dddddd/000000
851,851,http://dummyimage.com/224x170.png/5fa2dd/ffffff
852,852,http://dummyimage.com/138x201.png/ff4444/ffffff
853,853,http://dummyimage.com/242x147.png/ff4444/ffffff
854,854,http://dummyimage.com/221x139.png/dddddd/000000
855,855,http://dummyimage.com/244x142.png/5fa2dd/ffffff
856,856,http://dummyimage.com/234x185.png/ff4444/ffffff
857,857,http://dummyimage.com/131x114.png/5fa2dd/ffffff
858,858,http://dummyimage.com/193x165.png/ff4444/ffffff
859,859,http://dummyimage.com/116x120.png/ff4444/ffffff
860,860,http://dummyimage.com/146x187.png/dddddd/000000
861,861,http://dummyimage.com/242x106.png/cc0000/ffffff
862,862,http://dummyimage.com/155x233.png/5fa2dd/ffffff
863,863,http://dummyimage.com/101x216.png/ff4444/ffffff
864,864,http://dummyimage.com/181x237.png/5fa2dd/ffffff
865,865,http://dummyimage.com/250x244.png/5fa2dd/ffffff
866,866,http://dummyimage.com/129x195.png/ff4444/ffffff
867,867,http://dummyimage.com/187x182.png/cc0000/ffffff
868,868,http://dummyimage.com/173x146.png/5fa2dd/ffffff
869,869,http://dummyimage.com/135x191.png/ff4444/ffffff
870,870,http://dummyimage.com/135x126.png/5fa2dd/ffffff
871,871,http://dummyimage.com/183x243.png/dddddd/000000
872,872,http://dummyimage.com/196x114.png/dddddd/000000
873,873,http://dummyimage.com/128x240.png/cc0000/ffffff
874,874,http://dummyimage.com/114x109.png/cc0000/ffffff
875,875,http://dummyimage.com/155x144.png/ff4444/ffffff
876,876,http://dummyimage.com/129x158.png/cc0000/ffffff
877,877,http://dummyimage.com/108x187.png/dddddd/000000
878,878,http://dummyimage.com/222x237.png/5fa2dd/ffffff
879,879,http://dummyimage.com/240x164.png/ff4444/ffffff
880,880,http://dummyimage.com/244x155.png/cc0000/ffffff
881,881,http://dummyimage.com/141x249.png/cc0000/ffffff
882,882,http://dummyimage.com/162x181.png/cc0000/ffffff
883,883,http://dummyimage.com/124x101.png/5fa2dd/ffffff
884,884,http://dummyimage.com/218x158.png/5fa2dd/ffffff
885,885,http://dummyimage.com/178x159.png/cc0000/ffffff
886,886,http://dummyimage.com/105x186.png/ff4444/ffffff
887,887,http://dummyimage.com/212x152.png/ff4444/ffffff
888,888,http://dummyimage.com/195x119.png/cc0000/ffffff
889,889,http://dummyimage.com/205x200.png/cc0000/ffffff
890,890,http://dummyimage.com/183x227.png/ff4444/ffffff
891,891,http://dummyimage.com/201x229.png/5fa2dd/ffffff
892,892,http://dummyimage.com/170x121.png/cc0000/ffffff
893,893,http://dummyimage.com/142x107.png/dddddd/000000
894,894,http://dummyimage.com/170x182.png/5fa2dd/ffffff
895,895,http://dummyimage.com/109x171.png/cc0000/ffffff
896,896,http://dummyimage.com/120x148.png/dddddd/000000
897,897,http://dummyimage.com/128x242.png/dddddd/000000
898,898,http://dummyimage.com/240x171.png/5fa2dd/ffffff
899,899,http://dummyimage.com/117x166.png/ff4444/ffffff
900,900,http://dummyimage.com/245x162.png/dddddd/000000
901,901,http://dummyimage.com/103x144.png/ff4444/ffffff
902,902,http://dummyimage.com/171x121.png/5fa2dd/ffffff
903,903,http://dummyimage.com/107x129.png/cc0000/ffffff
904,904,http://dummyimage.com/129x152.png/ff4444/ffffff
905,905,http://dummyimage.com/127x111.png/dddddd/000000
906,906,http://dummyimage.com/115x223.png/dddddd/000000
907,907,http://dummyimage.com/175x185.png/5fa2dd/ffffff
908,908,http://dummyimage.com/211x206.png/dddddd/000000
909,909,http://dummyimage.com/233x174.png/5fa2dd/ffffff
910,910,http://dummyimage.com/146x236.png/ff4444/ffffff
911,911,http://dummyimage.com/245x119.png/cc0000/ffffff
912,912,http://dummyimage.com/245x114.png/5fa2dd/ffffff
913,913,http://dummyimage.com/101x145.png/cc0000/ffffff
914,914,http://dummyimage.com/114x228.png/5fa2dd/ffffff
915,915,http://dummyimage.com/246x192.png/dddddd/000000
916,916,http://dummyimage.com/144x122.png/cc0000/ffffff
917,917,http://dummyimage.com/187x172.png/5fa2dd/ffffff
918,918,http://dummyimage.com/224x156.png/dddddd/000000
919,919,http://dummyimage.com/132x188.png/ff4444/ffffff
920,920,http://dummyimage.com/239x159.png/ff4444/ffffff
921,921,http://dummyimage.com/228x140.png/dddddd/000000
922,922,http://dummyimage.com/117x131.png/dddddd/000000
923,923,http://dummyimage.com/143x144.png/ff4444/ffffff
924,924,http://dummyimage.com/239x175.png/ff4444/ffffff
925,925,http://dummyimage.com/231x245.png/5fa2dd/ffffff
926,926,http://dummyimage.com/227x170.png/5fa2dd/ffffff
927,927,http://dummyimage.com/109x214.png/ff4444/ffffff
928,928,http://dummyimage.com/101x117.png/cc0000/ffffff
929,929,http://dummyimage.com/143x227.png/5fa2dd/ffffff
930,930,http://dummyimage.com/243x144.png/dddddd/000000
931,931,http://dummyimage.com/235x181.png/dddddd/000000
932,932,http://dummyimage.com/249x121.png/dddddd/000000
933,933,http://dummyimage.com/196x205.png/cc0000/ffffff
934,934,http://dummyimage.com/250x126.png/dddddd/000000
935,935,http://dummyimage.com/236x131.png/5fa2dd/ffffff
936,936,http://dummyimage.com/228x150.png/cc0000/ffffff
937,937,http://dummyimage.com/111x112.png/dddddd/000000
938,938,http://dummyimage.com/192x237.png/5fa2dd/ffffff
939,939,http://dummyimage.com/249x110.png/5fa2dd/ffffff
940,940,http://dummyimage.com/243x148.png/cc0000/ffffff
941,941,http://dummyimage.com/158x162.png/cc0000/ffffff
942,942,http://dummyimage.com/168x209.png/ff4444/ffffff
943,943,http://dummyimage.com/106x135.png/ff4444/ffffff
944,944,http://dummyimage.com/172x182.png/5fa2dd/ffffff
945,945,http://dummyimage.com/203x193.png/5fa2dd/ffffff
946,946,http://dummyimage.com/226x191.png/ff4444/ffffff
947,947,http://dummyimage.com/214x142.png/cc0000/ffffff
948,948,http://dummyimage.com/159x227.png/dddddd/000000
949,949,http://dummyimage.com/149x167.png/dddddd/000000
950,950,http://dummyimage.com/162x229.png/ff4444/ffffff
951,951,http://dummyimage.com/241x245.png/ff4444/ffffff
952,952,http://dummyimage.com/132x158.png/cc0000/ffffff
953,953,http://dummyimage.com/128x131.png/cc0000/ffffff
954,954,http://dummyimage.com/231x165.png/dddddd/000000
955,955,http://dummyimage.com/163x193.png/dddddd/000000
956,956,http://dummyimage.com/209x157.png/cc0000/ffffff
957,957,http://dummyimage.com/104x230.png/5fa2dd/ffffff
958,958,http://dummyimage.com/218x168.png/ff4444/ffffff
959,959,http://dummyimage.com/231x101.png/cc0000/ffffff
960,960,http://dummyimage.com/221x159.png/ff4444/ffffff
961,961,http://dummyimage.com/139x238.png/5fa2dd/ffffff
962,962,http://dummyimage.com/219x172.png/dddddd/000000
963,963,http://dummyimage.com/125x205.png/ff4444/ffffff
964,964,http://dummyimage.com/250x172.png/5fa2dd/ffffff
965,965,http://dummyimage.com/212x224.png/5fa2dd/ffffff
966,966,http://dummyimage.com/110x181.png/dddddd/000000
967,967,http://dummyimage.com/246x138.png/dddddd/000000
968,968,http://dummyimage.com/224x140.png/dddddd/000000
969,969,http://dummyimage.com/240x135.png/ff4444/ffffff
970,970,http://dummyimage.com/163x166.png/5fa2dd/ffffff
971,971,http://dummyimage.com/122x123.png/dddddd/000000
972,972,http://dummyimage.com/105x100.png/cc0000/ffffff
973,973,http://dummyimage.com/172x191.png/cc0000/ffffff
974,974,http://dummyimage.com/129x156.png/dddddd/000000
975,975,http://dummyimage.com/106x212.png/ff4444/ffffff
976,976,http://dummyimage.com/118x170.png/ff4444/ffffff
977,977,http://dummyimage.com/231x167.png/dddddd/000000
978,978,http://dummyimage.com/228x222.png/dddddd/000000
979,979,http://dummyimage.com/211x148.png/cc0000/ffffff
980,980,http://dummyimage.com/217x172.png/dddddd/000000
981,981,http://dummyimage.com/156x111.png/dddddd/000000
982,982,http://dummyimage.com/155x132.png/5fa2dd/ffffff
983,983,http://dummyimage.com/248x230.png/ff4444/ffffff
984,984,http://dummyimage.com/161x212.png/5fa2dd/ffffff
985,985,http://dummyimage.com/177x249.png/dddddd/000000
986,986,http://dummyimage.com/205x173.png/dddddd/000000
987,987,http://dummyimage.com/100x206.png/dddddd/000000
988,988,http://dummyimage.com/168x202.png/5fa2dd/ffffff
989,989,http://dummyimage.com/174x124.png/ff4444/ffffff
990,990,http://dummyimage.com/103x148.png/ff4444/ffffff
991,991,http://dummyimage.com/105x179.png/dddddd/000000
992,992,http://dummyimage.com/137x105.png/ff4444/ffffff
993,993,http://dummyimage.com/133x114.png/ff4444/ffffff
994,994,http://dummyimage.com/218x229.png/ff4444/ffffff
995,995,http://dummyimage.com/203x121.png/dddddd/000000
996,996,http://dummyimage.com/155x119.png/5fa2dd/ffffff
997,997,http://dummyimage.com/244x120.png/5fa2dd/ffffff
998,998,http://dummyimage.com/214x116.png/cc0000/ffffff
999,999,http://dummyimage.com/190x176.png/5fa2dd/ffffff
1000,1000,http://dummyimage.com/171x217.png/cc0000/ffffff
